ID,EDAD,GÉNERO,OCUPACIÓN_GRAL,OCUPACIÓN_ESP,ALCALDÍA,COLONIA_GRAL,COLONIA_ESP,CONOCECICLOVÍA,USACICLOVÍA,RAZÓNPARANOUSARCICLOVÍA,USO_TRANSPORTE_CASA,USO_TRANSPORTE_TRABAJO,USO_TRANSPORTE_ESCUELA,USO_RECREACIÓN,USO_EJERCICIO,USO_MANDADOS,USO_MASCOTAS,USO_OTROS_GRAL,USO_OTROS_ESP,COMPAÑÍA_SOLO,COMPAÑÍA_HIJOS,COMPAÑÍA_AMIGOSYCOMPAÑEROS,COMPAÑÍA_PAREJA,COMPAÑÍA_FAMILIA,COMPAÑÍA_MASCOTA,COMPAÑÍA_PADRES,COMPAÑÍA_OTROS_GRAL,COMPAÑÍA_OTROS_ESP,PEATÓN_USO,PEATÓN_FRECUENCIA,PEATÓN_HORARIO_MADRUGADA,PEATÓN_HORARIO_MAÑANA,PEATÓN__HORARIO_MEDIODÍA,PEATÓN_HORARIO_TARDE,PEATÓN_HORARIO_OCASO,PEATÓN_HORARIO_NOCHE,PEATÓN_DÍAS,CICLISTA_USO,CICLISTA_FRECUENCIA,CICLISTA_HORARIO_MADRUGADA,CICLISTA_HORARIO_MAÑANA,CICLISTA__HORARIO_MEDIODÍA,CICLISTA_HORARIO_TARDE,CICLISTA_HORARIO_OCASO,CICLISTA_HORARIO_NOCHE,CICLISTA_DÍAS,MOTOCICLISTA_USO,MOTOCICLISTA_FRECUENCIA,MOTOCICLISTA_HORARIO_MADRUGADA,MOTOCICLISTA_HORARIO_MAÑANA,MOTOCICLISTA__HORARIO_MEDIODÍA,MOTOCICLISTA_HORARIO_TARDE,MOTOCICLISTA_HORARIO_OCASO,MOTOCICLISTA_HORARIO_NOCHE,MOTOCICLISTA_DÍAS,LIKERT_ANCHO ADECUADO,LIKERT_SUPERFICIE UNIFORME,LIKERT_SEÑALIZACIONES CLARAS,LIKERT_PARADAS DE TRANSPORTE ACCESIBLES,LIKERT_ZONAS DE DESCANSO,LIKERT_CRUZAR SIN RIESGO DE SER ATROPELLADO,LIKERT_BIEN ILUMINADA,LIKERT_ME SIENTO SEGURO
001FIS,77,MUJER,HOGAR,HOGAR,TLALPAN,AMPLIACIÓN MIGUEL HIDALGO (SIN SECCIÓN DESGLOSADA),AMPLIACIÓN MIGUEL HIDALGO (SIN SECCIÓN DESGLOSADA),SÍ,NO,"Está retirado, es inaccesible",,,,,,,,,,,,,,,,,,,,,,,,,,,,,,,,,,,,,,,,,,,,,,NEUTRAL,NEUTRAL,NEUTRAL,NEUTRAL,NEUTRAL,NEUTRAL,NEUTRAL,NEUTRAL
002FIS,72,MUJER,HOGAR,HOGAR,TLALPAN,OTRA,VALLE VERDE,SÍ,SÍ,,SÍ,NO,SÍ,NO,NO,SÍ,NO,NO,,NO,SÍ,NO,NO,NO,NO,NO,NO,,SÍ,Regular (una o dos veces por semana),NO,SÍ,NO,NO,NO,NO,ENTRE SEMANA,NO,,,,,,,,,NO,,,,,,,,,NEUTRAL,MUY DE ACUERDO,EN DESACUERDO,EN DESACUERDO,DE ACUERDO,NEUTRAL,NEUTRAL,DE ACUERDO
003FIS,58,MUJER,HOGAR,HOGAR,TLALPAN,OTRA,ARENAL GUADALUPE TLALPAN,NO,NO,"Porque tengo necesidad de ocuparla y para mí es demasiada peligrosa, sobre todo cuando pasa el transporte público y tenemos la necesidad de tomarlo.",,,,,,,,,,,,,,,,,,,,,,,,,,,,,,,,,,,,,,,,,,,,,,EN DESACUERDO,EN DESACUERDO,EN DESACUERDO,MUY EN DESACUERDO,MUY EN DESACUERDO,MUY EN DESACUERDO,EN DESACUERDO,
004FIS,64,HOMBRE,TRABAJO REUMUNERADO,TRABAJO POR MI CUENTA,MAGDALENA CONTRERAS,SAN JERÓNIMO ACULCO - LIDICE (PBLO),SAN JERÓNIMO ACULCO - LIDICE (PBLO),SÍ,SÍ,,SÍ,NO,NO,NO,NO,NO,NO,NO,,SÍ,NO,NO,NO,NO,NO,NO,NO,,SÍ,Diariamente,,,,,,,,SÍ,Diariamente,NO,SÍ,NO,NO,NO,SÍ,FINES DE SEMANA,NO,,,,,,,,,DE ACUERDO,DE ACUERDO,DE ACUERDO,DE ACUERDO,DE ACUERDO,DE ACUERDO,DE ACUERDO,DE ACUERDO
005FIS,60,MUJER,JUBILADO,JUBILADA DE LA SEP,MAGDALENA CONTRERAS,HÉROES DE PADIERNA,HÉROES DE PADIERNA,SÍ,SÍ,,NO,NO,NO,NO,SÍ,SÍ,NO,NO,,NO,NO,NO,SÍ,SÍ,NO,NO,NO,,SÍ,Regular (una o dos veces por semana),NO,SÍ,NO,NO,NO,NO,FINES DE SEMANA,SÍ,Regular (una o dos veces por semana),NO,SÍ,NO,NO,NO,NO,FINES DE SEMANA,NO,,,,,,,,,MUY DE ACUERDO,EN DESACUERDO,DE ACUERDO,DE ACUERDO,,DE ACUERDO,EN DESACUERDO,DE ACUERDO
006FIS,69,MUJER,HOGAR,AL HOGAR / VIUDA,TLALPAN,HÉROES DE PADIERNA,HÉROES DE PADIERNA,SÍ,NO,Por duelo (murió su esposo) y porque del traslado se encargan sus hijos,,,,,,,,,,,,,,,,,,,,,,,,,,,,,,,,,,,,,,,,,,,,,,DE ACUERDO,MUY DE ACUERDO,DE ACUERDO,NEUTRAL,DE ACUERDO,DE ACUERDO,EN DESACUERDO,DE ACUERDO
007FIS,41,MUJER,HOGAR,HOGAR,TLALPAN,LOMAS DE PADIERNA,LOMAS DE PADIERNA,SÍ,SÍ,,NO,NO,NO,SÍ,NO,NO,NO,NO,,NO,SÍ,NO,NO,NO,NO,NO,NO,,SÍ,Regular (una o dos veces por semana),NO,NO,NO,SÍ,NO,NO,FINES DE SEMANA,NO,,,,,,,,,NO,,,,,,,,,NEUTRAL,NEUTRAL,NEUTRAL,NEUTRAL,DE ACUERDO,DE ACUERDO,NEUTRAL,NEUTRAL
008FIS,56,MUJER,TRABAJO REUMUNERADO,TRABAJADORA DE SALUD,TLALPAN,LOMAS DE PADIERNA,LOMAS DE PADIERNA,SÍ,SÍ,,NO,NO,NO,NO,NO,NO,NO,SÍ,CIRCULACIÓN EN GENERAL,NO,SÍ,NO,SÍ,NO,NO,NO,NO,,SÍ,Muy poca (una o dos veces en los últimos seis meses),NO,SÍ,NO,NO,NO,NO,INDISTINTO,NO,,,,,,,,,NO,,,,,,,,,EN DESACUERDO,EN DESACUERDO,EN DESACUERDO,EN DESACUERDO,EN DESACUERDO,MUY EN DESACUERDO,EN DESACUERDO,EN DESACUERDO
009FIS,52,MUJER,TRABAJO REUMUNERADO,CAJERA,TLALPAN,SECCIONES DE PEDREGAL DE SAN NICOLÁS,PEDREGAL DE SAN NICOLÁS IV SECCIÓN,SÍ,SÍ,,SÍ,NO,NO,NO,SÍ,NO,NO,NO,,SÍ,SÍ,NO,NO,NO,NO,NO,NO,,SÍ,Diariamente,NO,NO,NO,NO,SÍ,SÍ,INDISTINTO,NO,,,,,,,,,NO,,,,,,,,,DE ACUERDO,MUY EN DESACUERDO,NEUTRAL,NEUTRAL,NEUTRAL,NEUTRAL,EN DESACUERDO,EN DESACUERDO
010FIS,73,HOMBRE,JUBILADO,PENSIONADO,MAGDALENA CONTRERAS,SANTA TERESA,SANTA TERESA,SÍ,SÍ,,NO,NO,NO,NO,SÍ,NO,NO,NO,,SÍ,NO,NO,NO,NO,NO,NO,NO,,SÍ,Poca (una o dos veces al mes),NO,NO,SÍ,NO,NO,NO,ENTRE SEMANA,NO,,,,,,,,,NO,,,,,,,,,DE ACUERDO,DE ACUERDO,DE ACUERDO,DE ACUERDO,DE ACUERDO,DE ACUERDO,DE ACUERDO,DE ACUERDO
011FIS,,MUJER,,,TLALPAN,HÉROES DE PADIERNA,HÉROES DE PADIERNA,SÍ,SÍ,,,,,,,,,,,,,,,,,,,,SÍ,Nunca (cero veces),NO,NO,SÍ,SÍ,NO,NO,,NO,,,,,,,,,NO,,,,,,,,,EN DESACUERDO,MUY EN DESACUERDO,EN DESACUERDO,EN DESACUERDO,EN DESACUERDO,EN DESACUERDO,EN DESACUERDO,MUY EN DESACUERDO
012FIS,63,MUJER,TRABAJO REUMUNERADO,COMERCIANTE,MAGDALENA CONTRERAS,SAN JERÓNIMO ACULCO - LIDICE (PBLO),SAN JERÓNIMO ACULCO - LIDICE (PBLO),SÍ,SÍ,,SÍ,NO,NO,NO,SÍ,NO,NO,NO,,SÍ,NO,NO,SÍ,NO,NO,NO,NO,,SÍ,Regular (una o dos veces por semana),NO,SÍ,NO,NO,NO,NO,ENTRE SEMANA,NO,,,,,,,,,NO,,,,,,,,,NEUTRAL,EN DESACUERDO,NEUTRAL,DE ACUERDO,EN DESACUERDO,MUY EN DESACUERDO,EN DESACUERDO,NEUTRAL
013FIS,62,HOMBRE,JUBILADO,PENSIONADO,TLALPAN,LOMAS DE PADIERNA,LOMAS DE PADIERNA,SÍ,SÍ,,NO,NO,NO,SÍ,SÍ,NO,SÍ,NO,,SÍ,SÍ,SÍ,SÍ,NO,SÍ,NO,NO,,SÍ,Regular (una o dos veces por semana),NO,SÍ,NO,NO,NO,NO,FINES DE SEMANA,SÍ,Regular (una o dos veces por semana),NO,SÍ,NO,NO,NO,NO,FINES DE SEMANA,NO,,,,,,,,,DE ACUERDO,EN DESACUERDO,EN DESACUERDO,DE ACUERDO,DE ACUERDO,EN DESACUERDO,EN DESACUERDO,NEUTRAL
014FIS,60,MUJER,JUBILADO,SOY JUBILADA,MAGDALENA CONTRERAS,HÉROES DE PADIERNA,HÉROES DE PADIERNA,SÍ,SÍ,,NO,NO,NO,SÍ,SÍ,SÍ,NO,NO,,NO,NO,NO,SÍ,NO,NO,NO,SÍ,NIETOS Y BISNIETOS,SÍ,Poca (una o dos veces al mes),NO,NO,SÍ,NO,SÍ,NO,INDISTINTO,NO,,,,,,,,,NO,,,,,,,,,DE ACUERDO,DE ACUERDO,DE ACUERDO,DE ACUERDO,DE ACUERDO,DE ACUERDO,NEUTRAL,NEUTRAL
015FIS,64,MUJER,HOGAR,HOGAR,MAGDALENA CONTRERAS,SAN JERÓNIMO ACULCO - LIDICE (PBLO),SAN JERÓNIMO ACULCO - LIDICE (PBLO),SÍ,SÍ,,NO,NO,NO,NO,SÍ,NO,NO,NO,,SÍ,NO,NO,NO,NO,NO,NO,NO,,SÍ,Regular (una o dos veces por semana),NO,NO,SÍ,NO,NO,NO,FINES DE SEMANA,NO,,,,,,,,,NO,,,,,,,,,DE ACUERDO,DE ACUERDO,DE ACUERDO,NEUTRAL,DE ACUERDO,NEUTRAL,NEUTRAL,EN DESACUERDO
016FIS,55,MUJER,TRABAJO REUMUNERADO,COMERCIO,TLALPAN,MIGUEL HIDALGO,MIGUEL HIDALGO,SÍ,NO,Vivo lejos,,,,,,,,,,,,,,,,,,,,,,,,,,,,,,,,,,,,,,,,,,,,,,,,,,,,,
017FIS,56,HOMBRE,TRABAJO REUMUNERADO,REPARACIÓN DE ELECTRODOMESTICOS,MAGDALENA CONTRERAS,SAN JERÓNIMO ACULCO - LIDICE (PBLO),SAN JERÓNIMO ACULCO - LIDICE (PBLO),SÍ,SÍ,,NO,NO,NO,SÍ,SÍ,SÍ,SÍ,NO,,NO,NO,NO,SÍ,NO,SÍ,NO,NO,,SÍ,Muy poca (una o dos veces en los últimos seis meses),NO,SÍ,NO,NO,NO,NO,FINES DE SEMANA,SÍ,Regular (una o dos veces por semana),NO,SÍ,NO,NO,NO,NO,FINES DE SEMANA,NO,,,,,,,,,MUY DE ACUERDO,DE ACUERDO,MUY DE ACUERDO,DE ACUERDO,DE ACUERDO,MUY EN DESACUERDO,NEUTRAL,DE ACUERDO
018FIS,61,MUJER,JUBILADO,DOCENTE JUBILADA,TLALPAN,LOS ENCINOS,LOS ENCINOS,SÍ,SÍ,,NO,NO,NO,NO,SÍ,NO,NO,NO,,SÍ,NO,SÍ,NO,NO,SÍ,NO,NO,,SÍ,Diariamente,NO,SÍ,NO,NO,NO,NO,INDISTINTO,NO,,,,,,,,,NO,,,,,,,,,MUY DE ACUERDO,DE ACUERDO,DE ACUERDO,,MUY DE ACUERDO,DE ACUERDO,,NEUTRAL
019FIS,48,MUJER,HOGAR,HOGAR,TLALPAN,HÉROES DE PADIERNA,HÉROES DE PADIERNA,SÍ,SÍ,,NO,NO,NO,NO,NO,SÍ,NO,NO,,NO,NO,NO,NO,NO,NO,NO,SÍ,NO HAY ALGUIEN EN ESPECÍFICO,SÍ,Muy poca (una o dos veces en los últimos seis meses),NO,NO,SÍ,NO,NO,NO,FINES DE SEMANA,NO,,,,,,,,,NO,,,,,,,,,NEUTRAL,MUY EN DESACUERDO,MUY EN DESACUERDO,NEUTRAL,NEUTRAL,NEUTRAL,MUY EN DESACUERDO,MUY EN DESACUERDO
020FIS,54,HOMBRE,TRABAJO REUMUNERADO,TRABAJO,MAGDALENA CONTRERAS,SANTA TERESA,SANTA TERESA,SÍ,SÍ,,NO,NO,NO,NO,SÍ,NO,NO,NO,,NO,NO,SÍ,NO,NO,NO,NO,NO,,NO,,,,,,,,,SÍ,,NO,SÍ,NO,SÍ,NO,NO,INDISTINTO,NO,,,,,,,,,DE ACUERDO,DE ACUERDO,DE ACUERDO,,NEUTRAL,DE ACUERDO,EN DESACUERDO,EN DESACUERDO
021FIS,59,MUJER,HOGAR,AL HOGAR,TLALPAN,SECCIONES DE PEDREGAL DE SAN NICOLÁS,PEDREGAL DE SAN NICOLÁS II SECCIÓN,SÍ,SÍ,,NO,NO,NO,SÍ,SÍ,NO,NO,NO,,SÍ,NO,NO,NO,NO,NO,NO,NO,,SÍ,Muy poca (una o dos veces en los últimos seis meses),SÍ,SÍ,NO,NO,NO,NO,ENTRE SEMANA,NO,,,,,,,,,NO,,,,,,,,,MUY EN DESACUERDO,MUY EN DESACUERDO,DE ACUERDO,MUY DE ACUERDO,MUY EN DESACUERDO,MUY EN DESACUERDO,MUY EN DESACUERDO,DE ACUERDO
022FIS,60,HOMBRE,TRABAJO REUMUNERADO,VENTAS MULTINIVEL,MAGDALENA CONTRERAS,HÉROES DE PADIERNA,HÉROES DE PADIERNA,SÍ,SÍ,,NO,SÍ,NO,NO,NO,NO,NO,NO,,NO,NO,SÍ,NO,SÍ,NO,NO,NO,,SÍ,Alta (más de dos veces por semana),NO,NO,NO,NO,SÍ,NO,INDISTINTO,NO,,,,,,,,,NO,,,,,,,,,NEUTRAL,NEUTRAL,EN DESACUERDO,MUY EN DESACUERDO,MUY DE ACUERDO,EN DESACUERDO,NEUTRAL,MUY EN DESACUERDO
023FIS,54,HOMBRE,TRABAJO REUMUNERADO,CHOFER,MAGDALENA CONTRERAS,HÉROES DE PADIERNA,HÉROES DE PADIERNA,SÍ,SÍ,,NO,NO,NO,NO,NO,NO,SÍ,NO,,SÍ,NO,NO,NO,NO,SÍ,NO,NO,,SÍ,Nunca (cero veces),NO,NO,SÍ,NO,NO,NO,INDISTINTO,SÍ,,NO,NO,SÍ,NO,NO,NO,FINES DE SEMANA,NO,,,,,,,,,DE ACUERDO,,NEUTRAL,,EN DESACUERDO,NEUTRAL,NEUTRAL,
024FIS,26,MUJER,TRABAJO REUMUNERADO,EMPRENDEDORA,MAGDALENA CONTRERAS,LOMAS DE PADIERNA,LOMAS DE PADIERNA,NO,SÍ,,NO,NO,NO,NO,NO,NO,NO,SÍ,OCACIONALMENTE LO HAGO,SÍ,NO,NO,NO,NO,NO,NO,NO,,SÍ,Muy poca (una o dos veces en los últimos seis meses),NO,SÍ,SÍ,NO,NO,NO,ENTRE SEMANA,NO,,,,,,,,,NO,,,,,,,,,DE ACUERDO,NEUTRAL,DE ACUERDO,NEUTRAL,MUY DE ACUERDO,NEUTRAL,NEUTRAL,MUY DE ACUERDO
025FIS,59,MUJER,HOGAR,HOGAR,TLALPAN,OTRA,BELISARIO DOMÍNGUEZ,NO,NO,No es mi rumbo,,,,,,,,,,,,,,,,,,,,,,,,,,,,,,,,,,,,,,,,,,,,,,,,,,,,,
026FIS,65,MUJER,TRABAJO REUMUNERADO,COMERCIANTE,TLALPAN,HÉROES DE PADIERNA,HÉROES DE PADIERNA,SÍ,NO,Me queda muy lejos de mi casa yo vivo en Heroes de Padierna 1,,,,,,,,,,,,,,,,,,,,,,,,,,,,,,,,,,,,,,,,,,,,,,NEUTRAL,NEUTRAL,NEUTRAL,NEUTRAL,NEUTRAL,NEUTRAL,NEUTRAL,NEUTRAL
027FIS,64,MUJER,HOGAR,HOGAR,TLALPAN,HÉROES DE PADIERNA,HÉROES DE PADIERNA,SÍ,SÍ,,NO,NO,NO,SÍ,NO,SÍ,NO,NO,,NO,SÍ,SÍ,NO,NO,NO,NO,NO,,SÍ,Regular (una o dos veces por semana),NO,SÍ,NO,NO,NO,NO,INDISTINTO,NO,,,,,,,,,NO,,,,,,,,,MUY DE ACUERDO,MUY DE ACUERDO,DE ACUERDO,NEUTRAL,MUY DE ACUERDO,MUY DE ACUERDO,MUY DE ACUERDO,MUY DE ACUERDO
028FIS,73,MUJER,HOGAR,HOGAR,TLALPAN,CUCHILLA DE PADIERNA,CUCHILLA DE PADIERNA,,SÍ,,NO,NO,NO,NO,SÍ,NO,NO,NO,,NO,SÍ,NO,NO,NO,NO,NO,NO,,SÍ,Nunca (cero veces),NO,SÍ,NO,NO,NO,NO,FINES DE SEMANA,NO,,,,,,,,,NO,,,,,,,,,DE ACUERDO,DE ACUERDO,MUY DE ACUERDO,DE ACUERDO,DE ACUERDO,MUY DE ACUERDO,MUY DE ACUERDO,NEUTRAL
029FIS,67,MUJER,TRABAJO REUMUNERADO,COCINERA,TLALPAN,SECCIONES DE PEDREGAL DE SAN NICOLÁS,PEDREGAL DE SAN NICOLÁS (SECCIÓN NO DESGLOSADA),SÍ,SÍ,,SÍ,SÍ,SÍ,NO,NO,SÍ,NO,NO,,NO,SÍ,NO,NO,SÍ,NO,NO,NO,,SÍ,Regular (una o dos veces por semana),NO,SÍ,NO,NO,NO,NO,ENTRE SEMANA,NO,,,,,,,,,NO,,,,,,,,,NEUTRAL,NEUTRAL,EN DESACUERDO,MUY EN DESACUERDO,MUY EN DESACUERDO,MUY EN DESACUERDO,MUY EN DESACUERDO,MUY EN DESACUERDO
030FIS,54,MUJER,TRABAJO REUMUNERADO,FLORISTA,TLALPAN,OTRA,SANTA ÚRSULA XITLA,SÍ,SÍ,,NO,NO,NO,NO,SÍ,NO,NO,NO,,NO,NO,NO,NO,SÍ,NO,NO,NO,,NO,,,,,,,,,SÍ,Poca (una o dos veces al mes),NO,SÍ,NO,NO,NO,NO,FINES DE SEMANA,NO,,,,,,,,,NEUTRAL,NEUTRAL,NEUTRAL,NEUTRAL,DE ACUERDO,DE ACUERDO,NEUTRAL,NEUTRAL
031FIS,74,HOMBRE,JUBILADO,PENSIONADO,TLALPAN,HÉROES DE PADIERNA,HÉROES DE PADIERNA,SÍ,SÍ,,SÍ,SÍ,SÍ,SÍ,SÍ,SÍ,SÍ,NO,,SÍ,NO,SÍ,NO,SÍ,NO,SÍ,NO,,NO,,,,,,,,,NO,,,,,,,,,NO,,,,,,,,,,DE ACUERDO,DE ACUERDO,DE ACUERDO,DE ACUERDO,DE ACUERDO,DE ACUERDO,DE ACUERDO
032FIS,58,MUJER,TRABAJO REUMUNERADO,TRABAJADORA,MAGDALENA CONTRERAS,OTRA,SAN FRANCISCO,NO,SÍ,,SÍ,NO,SÍ,SÍ,SÍ,SÍ,NO,NO,,NO,SÍ,NO,NO,NO,NO,SÍ,NO,,SÍ,Diariamente,NO,NO,SÍ,NO,NO,NO,ENTRE SEMANA,NO,,,,,,,,,NO,,,,,,,,,DE ACUERDO,EN DESACUERDO,DE ACUERDO,NEUTRAL,DE ACUERDO,EN DESACUERDO,DE ACUERDO,NEUTRAL
033FIS,75,MUJER,TRABAJO REUMUNERADO,ESTILISTA,MAGDALENA CONTRERAS,HÉROES DE PADIERNA,HÉROES DE PADIERNA,NO,SÍ,,NO,NO,NO,NO,SÍ,SÍ,NO,NO,,SÍ,NO,NO,NO,NO,NO,NO,NO,,SÍ,Diariamente,NO,SÍ,NO,NO,NO,NO,ENTRE SEMANA,NO,,,,,,,,,NO,,,,,,,,,DE ACUERDO,EN DESACUERDO,DE ACUERDO,DE ACUERDO,MUY DE ACUERDO,MUY DE ACUERDO,NEUTRAL,DE ACUERDO
034FIS,37,HOMBRE,TRABAJO REUMUNERADO,AYUDANTE GENERAL,TLALPAN,TORRES DE PADIERNA,TORRES DE PADIERNA,SÍ,SÍ,,NO,NO,NO,NO,SÍ,NO,NO,NO,,NO,NO,SÍ,NO,NO,NO,NO,NO,,SÍ,Poca (una o dos veces al mes),NO,NO,SÍ,NO,NO,NO,ENTRE SEMANA,NO,,,,,,,,,NO,,,,,,,,,MUY EN DESACUERDO,NEUTRAL,MUY EN DESACUERDO,NEUTRAL,MUY EN DESACUERDO,MUY EN DESACUERDO,MUY EN DESACUERDO,MUY EN DESACUERDO
035FIS,35,HOMBRE,TRABAJO REUMUNERADO,COMERCIANTE,TLALPAN,HÉROES DE PADIERNA,HÉROES DE PADIERNA,SÍ,SÍ,,NO,NO,NO,NO,SÍ,NO,NO,NO,,SÍ,NO,NO,NO,NO,NO,NO,NO,,SÍ,Diariamente,NO,SÍ,NO,NO,NO,NO,ENTRE SEMANA,SÍ,Diariamente,NO,SÍ,NO,NO,NO,NO,ENTRE SEMANA,NO,,,,,,,,,MUY EN DESACUERDO,EN DESACUERDO,MUY EN DESACUERDO,EN DESACUERDO,MUY EN DESACUERDO,NEUTRAL,NEUTRAL,NEUTRAL
036FIS,78,HOMBRE,JUBILADO,PENSIONNADO,TLALPAN,AMPLIACIÓN MIGUEL HIDALGO 3A SECC,AMPLIACIÓN MIGUEL HIDALGO 3A SECC,SÍ,SÍ,,NO,NO,NO,NO,NO,SÍ,NO,NO,,NO,NO,NO,SÍ,NO,NO,NO,NO,,SÍ,Poca (una o dos veces al mes),NO,NO,SÍ,NO,NO,NO,FINES DE SEMANA,NO,,,,,,,,,NO,,,,,,,,,DE ACUERDO,,,,,,,
037FIS,64,MUJER,HOGAR,AMA DE CASA,TLALPAN,AMPLIACIÓN MIGUEL HIDALGO (SIN SECCIÓN DESGLOSADA),AMPLIACIÓN MIGUEL HIDALGO (SIN SECCIÓN DESGLOSADA),SÍ,SÍ,,NO,NO,NO,NO,NO,SÍ,NO,NO,,NO,NO,NO,SÍ,NO,NO,NO,NO,,SÍ,Poca (una o dos veces al mes),NO,NO,SÍ,NO,NO,NO,INDISTINTO,NO,,,,,,,,,NO,,,,,,,,,DE ACUERDO,MUY DE ACUERDO,NEUTRAL,DE ACUERDO,DE ACUERDO,DE ACUERDO,EN DESACUERDO,EN DESACUERDO
038FIS,62,MUJER,HOGAR,HOGAR,TLALPAN,AMPLIACIÓN MIGUEL HIDALGO (SIN SECCIÓN DESGLOSADA),AMPLIACIÓN MIGUEL HIDALGO (SIN SECCIÓN DESGLOSADA),SÍ,SÍ,,NO,NO,NO,NO,NO,SÍ,NO,NO,,NO,NO,NO,SÍ,NO,NO,NO,NO,,SÍ,Regular (una o dos veces por semana),NO,NO,SÍ,NO,NO,NO,FINES DE SEMANA,NO,,,,,,,,,NO,,,,,,,,,DE ACUERDO,MUY EN DESACUERDO,NEUTRAL,EN DESACUERDO,EN DESACUERDO,MUY EN DESACUERDO,EN DESACUERDO,EN DESACUERDO
039FIS,58,HOMBRE,JUBILADO,JUBILADO,MAGDALENA CONTRERAS,HÉROES DE PADIERNA,HÉROES DE PADIERNA,NO,SÍ,,NO,NO,NO,NO,SÍ,NO,NO,NO,,NO,NO,NO,SÍ,NO,NO,NO,NO,,SÍ,Alta (más de dos veces por semana),NO,SÍ,NO,NO,NO,NO,INDISTINTO,NO,,,,,,,,,NO,,,,,,,,,NEUTRAL,NEUTRAL,DE ACUERDO,DE ACUERDO,DE ACUERDO,NEUTRAL,NEUTRAL,EN DESACUERDO
040FIS,69,MUJER,HOGAR,HOGAR,TLALPAN,MIGUEL HIDALGO,MIGUEL HIDALGO,SÍ,SÍ,,NO,NO,NO,NO,NO,NO,SÍ,NO,,NO,SÍ,NO,NO,NO,NO,NO,NO,,NO,,NO,NO,NO,SÍ,NO,NO,FINES DE SEMANA,NO,,,,,,,,,NO,,,,,,,,,DE ACUERDO,DE ACUERDO,DE ACUERDO,,MUY EN DESACUERDO,,MUY EN DESACUERDO,
041FIS,55,MUJER,HOGAR,AMA DE CASA ,TLALPAN,HÉROES DE PADIERNA,HÉROES DE PADIERNA,SÍ,SÍ,,NO,NO,NO,NO,NO,NO,NO,SÍ,"LA USO MUY POCO, REPENTINAMENTE",NO,NO,NO,NO,NO,NO,NO,SÍ,LA USO MUY POCO,SÍ,Muy poca (una o dos veces en los últimos seis meses),NO,SÍ,NO,NO,NO,NO,FINES DE SEMANA,NO,,,,,,,,,NO,,,,,,,,,NEUTRAL,NEUTRAL,EN DESACUERDO,MUY EN DESACUERDO,MUY EN DESACUERDO,DE ACUERDO,DE ACUERDO,NEUTRAL
042FIS,73,MUJER,HOGAR,AMA DE CASA ,TLALPAN,SECCIONES DE PEDREGAL DE SAN NICOLÁS,PEDREGAL DE SAN NICOLÁS (SECCIÓN NO DESGLOSADA),SÍ,SÍ,,SÍ,NO,NO,NO,NO,NO,NO,NO,,SÍ,NO,NO,NO,NO,NO,NO,NO,,SÍ,Nunca (cero veces),NO,SÍ,NO,NO,NO,NO,INDISTINTO,NO,,,,,,,,,NO,,,,,,,,,NEUTRAL,NEUTRAL,NEUTRAL,NEUTRAL,NEUTRAL,NEUTRAL,NEUTRAL,NEUTRAL
043FIS,,HOMBRE,TRABAJO REUMUNERADO,TRABAJO ,TLALPAN,HÉROES DE PADIERNA,HÉROES DE PADIERNA,NO,NO,No la conozco ,,,,,,,,,,,,,,,,,,,,,,,,,,,,,,,,,,,,,,,,,,,,,,,,,,,,,
044FIS,62,HOMBRE,OTRO,DISCAPACITADO ,TLALPAN,LOMAS DE PADIERNA,LOMAS DE PADIERNA,SÍ,SÍ,,NO,NO,NO,SÍ,NO,NO,NO,NO,,SÍ,SÍ,SÍ,NO,SÍ,NO,NO,NO,,SÍ,Nunca (cero veces),NO,NO,NO,NO,NO,NO,INDISTINTO,SÍ,Regular (una o dos veces por semana),NO,SÍ,NO,NO,NO,NO,INDISTINTO,NO,,,,,,,,,DE ACUERDO,EN DESACUERDO,EN DESACUERDO,MUY EN DESACUERDO,DE ACUERDO,EN DESACUERDO,DE ACUERDO,DE ACUERDO
045FIS,76,MUJER,HOGAR,AMA DE CASA ,TLALPAN,SECCIONES DE PEDREGAL DE SAN NICOLÁS,PEDREGAL DE SAN NICOLÁS (SECCIÓN NO DESGLOSADA),SÍ,SÍ,,NO,NO,NO,SÍ,SÍ,NO,NO,NO,,NO,SÍ,NO,NO,SÍ,NO,NO,NO,,SÍ,Nunca (cero veces),NO,SÍ,NO,NO,NO,NO,,SÍ,Regular (una o dos veces por semana),NO,SÍ,NO,NO,NO,NO,FINES DE SEMANA,NO,,,,,,,,,EN DESACUERDO,EN DESACUERDO,EN DESACUERDO,DE ACUERDO,EN DESACUERDO,MUY EN DESACUERDO,NEUTRAL,DE ACUERDO
046FIS,42,HOMBRE,TRABAJO REUMUNERADO,CHÓFER DE METROBÚS ,MAGDALENA CONTRERAS,HÉROES DE PADIERNA,HÉROES DE PADIERNA,SÍ,SÍ,,NO,NO,NO,SÍ,SÍ,NO,NO,NO,,NO,SÍ,NO,SÍ,SÍ,NO,NO,NO,,SÍ,Regular (una o dos veces por semana),NO,NO,NO,NO,NO,NO,,SÍ,,NO,NO,NO,NO,SÍ,NO,INDISTINTO,NO,,,,,,,,,MUY EN DESACUERDO,MUY EN DESACUERDO,NEUTRAL,EN DESACUERDO,EN DESACUERDO,EN DESACUERDO,EN DESACUERDO,EN DESACUERDO
047FIS,74,MUJER,TRABAJO REUMUNERADO,LITIGIO ,TLALPAN,SECCIONES DE PEDREGAL DE SAN NICOLÁS,PEDREGAL DE SAN NICOLÁS (SECCIÓN NO DESGLOSADA),SÍ,SÍ,,NO,NO,NO,SÍ,SÍ,NO,SÍ,NO,,SÍ,SÍ,NO,NO,NO,SÍ,NO,NO,,SÍ,Regular (una o dos veces por semana),NO,SÍ,NO,NO,NO,NO,ENTRE SEMANA,SÍ,Poca (una o dos veces al mes),NO,SÍ,NO,NO,NO,NO,FINES DE SEMANA,NO,,,,,,,,,EN DESACUERDO,NEUTRAL,EN DESACUERDO,EN DESACUERDO,MUY EN DESACUERDO,EN DESACUERDO,MUY EN DESACUERDO,MUY EN DESACUERDO
048FIS,46,MUJER,HOGAR,AMA DE CASA ,TLALPAN,2 DE OCTUBRE,2 DE OCTUBRE,SÍ,SÍ,,NO,NO,NO,SÍ,NO,SÍ,NO,NO,,SÍ,SÍ,NO,SÍ,NO,NO,NO,NO,,SÍ,Poca (una o dos veces al mes),NO,NO,SÍ,NO,NO,NO,FINES DE SEMANA,SÍ,Muy poca (una o dos veces en los últimos seis meses),NO,NO,NO,SÍ,NO,NO,FINES DE SEMANA,NO,,,,,,,,,DE ACUERDO,DE ACUERDO,DE ACUERDO,DE ACUERDO,EN DESACUERDO,DE ACUERDO,NEUTRAL,DE ACUERDO
049FIS,61,MUJER,,,TLALPAN,LOMAS DE PADIERNA,LOMAS DE PADIERNA,SÍ,SÍ,,NO,NO,NO,NO,NO,SÍ,NO,NO,,NO,NO,SÍ,NO,NO,NO,NO,NO,,SÍ,Muy poca (una o dos veces en los últimos seis meses),NO,SÍ,NO,NO,NO,NO,FINES DE SEMANA,NO,,,,,,,,,NO,,,,,,,,,DE ACUERDO,DE ACUERDO,DE ACUERDO,DE ACUERDO,DE ACUERDO,DE ACUERDO,EN DESACUERDO,NEUTRAL
050FIS,50,MUJER,TRABAJO REUMUNERADO,COCINERA ,TLALPAN,SECCIONES DE PEDREGAL DE SAN NICOLÁS,PEDREGAL DE SAN NICOLÁS (SECCIÓN NO DESGLOSADA),SÍ,SÍ,,SÍ,NO,SÍ,NO,SÍ,NO,NO,NO,,NO,SÍ,NO,SÍ,NO,NO,NO,NO,,SÍ,Diariamente,NO,NO,SÍ,NO,NO,NO,ENTRE SEMANA,NO,,,,,,,,,NO,,,,,,,,,MUY DE ACUERDO,DE ACUERDO,DE ACUERDO,DE ACUERDO,DE ACUERDO,DE ACUERDO,DE ACUERDO,DE ACUERDO
051FIS,51,HOMBRE,TRABAJO REUMUNERADO,REPARTIDOR DE APP ,TLALPAN,SECCIONES DE PEDREGAL DE SAN NICOLÁS,PEDREGAL DE SAN NICOLÁS IV SECCIÓN,SÍ,SÍ,,NO,NO,NO,SÍ,NO,NO,NO,NO,,NO,NO,NO,SÍ,NO,NO,NO,NO,,SÍ,Regular (una o dos veces por semana),NO,NO,SÍ,SÍ,NO,NO,INDISTINTO,NO,,,,,,,,,SÍ,Regular (una o dos veces por semana),NO,SÍ,NO,NO,NO,NO,ENTRE SEMANA,NEUTRAL,NEUTRAL,NEUTRAL,MUY DE ACUERDO,DE ACUERDO,DE ACUERDO,EN DESACUERDO,EN DESACUERDO
052FIS,66,HOMBRE,TRABAJO REUMUNERADO,JARDINERÍA ,MAGDALENA CONTRERAS,SAN JERÓNIMO ACULCO - LIDICE (PBLO),SAN JERÓNIMO ACULCO - LIDICE (PBLO),SÍ,SÍ,,NO,SÍ,NO,NO,NO,NO,NO,NO,,SÍ,SÍ,NO,NO,NO,NO,NO,NO,,SÍ,Regular (una o dos veces por semana),NO,NO,NO,NO,SÍ,NO,ENTRE SEMANA,NO,,,,,,,,,NO,,,,,,,,,DE ACUERDO,NEUTRAL,EN DESACUERDO,DE ACUERDO,NEUTRAL,DE ACUERDO,DE ACUERDO,NEUTRAL
053FIS,65,MUJER,TRABAJO REUMUNERADO,DAR CLASES ,TLALPAN,LOMAS DE PADIERNA,LOMAS DE PADIERNA,SÍ,SÍ,,NO,NO,NO,SÍ,NO,NO,NO,NO,,SÍ,NO,NO,NO,NO,NO,NO,NO,,SÍ,Muy poca (una o dos veces en los últimos seis meses),NO,SÍ,NO,NO,NO,NO,INDISTINTO,SÍ,Muy poca (una o dos veces en los últimos seis meses),NO,SÍ,NO,NO,NO,NO,INDISTINTO,NO,,,,,,,,,EN DESACUERDO,MUY EN DESACUERDO,MUY EN DESACUERDO,EN DESACUERDO,NEUTRAL,EN DESACUERDO,EN DESACUERDO,EN DESACUERDO
054FIS,64,HOMBRE,TRABAJO REUMUNERADO,CHÓFER ,TLALPAN,LOMAS DE PADIERNA,LOMAS DE PADIERNA,SÍ,SÍ,,SÍ,NO,NO,NO,SÍ,NO,SÍ,NO,,NO,SÍ,SÍ,NO,NO,SÍ,NO,NO,,SÍ,Diariamente,NO,NO,SÍ,NO,NO,NO,ENTRE SEMANA,SÍ,Diario,NO,NO,SÍ,NO,NO,NO,ENTRE SEMANA,NO,,,,,,,,,DE ACUERDO,EN DESACUERDO,EN DESACUERDO,EN DESACUERDO,DE ACUERDO,EN DESACUERDO,EN DESACUERDO,EN DESACUERDO
055FIS,77,MUJER,,,MAGDALENA CONTRERAS,HÉROES DE PADIERNA,HÉROES DE PADIERNA,SÍ,SÍ,,NO,NO,NO,NO,NO,SÍ,NO,NO,,SÍ,NO,NO,NO,NO,NO,NO,NO,,SÍ,Diariamente,NO,SÍ,NO,NO,NO,NO,ENTRE SEMANA,NO,,,,,,,,,NO,,,,,,,,,,,DE ACUERDO,DE ACUERDO,DE ACUERDO,DE ACUERDO,NEUTRAL,NEUTRAL
056FIS,60,MUJER,TRABAJO REUMUNERADO,TRABAJO DOMÉSTICO ,TLALPAN,HÉROES DE PADIERNA,HÉROES DE PADIERNA,SÍ,SÍ,,NO,NO,NO,SÍ,SÍ,SÍ,NO,NO,,NO,NO,SÍ,SÍ,NO,NO,NO,NO,,SÍ,Muy poca (una o dos veces en los últimos seis meses),NO,SÍ,NO,NO,NO,NO,ENTRE SEMANA,SÍ,Muy poca (una o dos veces en los últimos seis meses),NO,NO,SÍ,NO,NO,NO,FINES DE SEMANA,NO,,,,,,,,,NEUTRAL,NEUTRAL,NEUTRAL,EN DESACUERDO,NEUTRAL,EN DESACUERDO,EN DESACUERDO,EN DESACUERDO
057FIS,32,MUJER,HOGAR,AMA DE CASA ,TLALPAN,HÉROES DE PADIERNA,HÉROES DE PADIERNA,SÍ,SÍ,,NO,NO,NO,SÍ,NO,NO,SÍ,NO,,NO,NO,NO,SÍ,NO,SÍ,NO,NO,,SÍ,Muy poca (una o dos veces en los últimos seis meses),NO,NO,SÍ,NO,NO,NO,ENTRE SEMANA,SÍ,Regular (una o dos veces por semana),NO,SÍ,NO,NO,NO,NO,FINES DE SEMANA,NO,,,,,,,,,DE ACUERDO,EN DESACUERDO,NEUTRAL,DE ACUERDO,DE ACUERDO,EN DESACUERDO,NEUTRAL,EN DESACUERDO
058FIS,68,MUJER,TRABAJO REUMUNERADO,COMERCIO ,TLALPAN,SECCIONES DE PEDREGAL DE SAN NICOLÁS,PEDREGAL DE SAN NICOLÁS (SECCIÓN NO DESGLOSADA),SÍ,SÍ,,NO,NO,NO,NO,SÍ,NO,NO,NO,,NO,NO,NO,NO,SÍ,NO,NO,NO,,SÍ,Regular (una o dos veces por semana),NO,SÍ,NO,NO,NO,NO,FINES DE SEMANA,NO,,,,,,,,,NO,,,,,,,,,DE ACUERDO,DE ACUERDO,DE ACUERDO,DE ACUERDO,DE ACUERDO,DE ACUERDO,DE ACUERDO,DE ACUERDO
059FIS,62,MUJER,HOGAR,HOGAR ,TLALPAN,SECCIONES DE PEDREGAL DE SAN NICOLÁS,PEDREGAL DE SAN NICOLÁS (SECCIÓN NO DESGLOSADA),SÍ,SÍ,,NO,NO,NO,NO,SÍ,NO,NO,NO,,NO,SÍ,NO,NO,NO,NO,NO,NO,,SÍ,Muy poca (una o dos veces en los últimos seis meses),NO,NO,SÍ,NO,NO,NO,ENTRE SEMANA,NO,,,,,,,,,NO,,,,,,,,,NEUTRAL,DE ACUERDO,DE ACUERDO,MUY EN DESACUERDO,DE ACUERDO,MUY DE ACUERDO,DE ACUERDO,EN DESACUERDO
060FIS,60,MUJER,HOGAR,HOGAR ,TLALPAN,SECCIONES DE PEDREGAL DE SAN NICOLÁS,PEDREGAL DE SAN NICOLÁS (SECCIÓN NO DESGLOSADA),SÍ,SÍ,,SÍ,NO,NO,SÍ,SÍ,NO,NO,NO,,SÍ,NO,NO,NO,NO,NO,NO,NO,,SÍ,Alta (más de dos veces por semana),NO,NO,NO,NO,SÍ,NO,INDISTINTO,NO,,,,,,,,,NO,,,,,,,,,NEUTRAL,DE ACUERDO,NEUTRAL,MUY EN DESACUERDO,MUY EN DESACUERDO,MUY EN DESACUERDO,DE ACUERDO,NEUTRAL
061FIS,67,MUJER,HOGAR,HOGAR ,TLALPAN,SECCIONES DE PEDREGAL DE SAN NICOLÁS,PEDREGAL DE SAN NICOLÁS IV SECCIÓN,SÍ,SÍ,,NO,SÍ,NO,NO,NO,SÍ,NO,NO,,SÍ,NO,NO,NO,NO,NO,NO,NO,,SÍ,Muy poca (una o dos veces en los últimos seis meses),NO,NO,SÍ,NO,NO,NO,ENTRE SEMANA,NO,,,,,,,,,NO,,,,,,,,,,,,,,,,
062FIS,64,MUJER,TRABAJO REUMUNERADO,COMERCIANTE,TLALPAN,OTRA,AMPLIACIÓN LOMAS DE PADIERNA,SÍ,SÍ,,NO,NO,SÍ,NO,NO,NO,NO,NO,,,,,,,,,,,SÍ,Poca (una o dos veces al mes),NO,NO,NO,SÍ,NO,NO,ENTRE SEMANA,NO,,,,,,,,,NO,,,,,,,,,NEUTRAL,NEUTRAL,DE ACUERDO,DE ACUERDO,DE ACUERDO,DE ACUERDO,NEUTRAL,DE ACUERDO
063FIS,39,MUJER,HOGAR,HOGAR,TLALPAN,SECCIONES DE PEDREGAL DE SAN NICOLÁS,PEDREGAL DE SAN NICOLÁS (SECCIÓN NO DESGLOSADA),SÍ,SÍ,,NO,NO,SÍ,NO,SÍ,NO,NO,NO,,NO,NO,SÍ,NO,NO,NO,NO,NO,,SÍ,Poca (una o dos veces al mes),NO,NO,SÍ,NO,NO,NO,FINES DE SEMANA,NO,,,,,,,,,NO,,,,,,,,,MUY DE ACUERDO,DE ACUERDO,EN DESACUERDO,NEUTRAL,MUY DE ACUERDO,MUY DE ACUERDO,NEUTRAL,NEUTRAL
064FIS,67,MUJER,HOGAR,HOGAR,TLALPAN,SECCIONES DE PEDREGAL DE SAN NICOLÁS,PEDREGAL DE SAN NICOLÁS (SECCIÓN NO DESGLOSADA),SÍ,SÍ,,NO,NO,NO,SÍ,NO,NO,NO,NO,,NO,NO,SÍ,NO,NO,NO,NO,NO,,SÍ,Poca (una o dos veces al mes),NO,NO,SÍ,NO,NO,NO,FINES DE SEMANA,NO,,,,,,,,,NO,,,,,,,,,MUY DE ACUERDO,MUY DE ACUERDO,EN DESACUERDO,EN DESACUERDO,MUY DE ACUERDO,NEUTRAL,NEUTRAL,NEUTRAL
065FIS,67,MUJER,JUBILADO,JUBILADA,TLALPAN,MIGUEL HIDALGO,MIGUEL HIDALGO,NO,SÍ,,NO,NO,NO,SÍ,NO,NO,NO,NO,,NO,NO,SÍ,NO,NO,NO,NO,NO,,SÍ,Muy poca (una o dos veces en los últimos seis meses),NO,SÍ,NO,NO,NO,NO,FINES DE SEMANA,NO,,,,,,,,,NO,,,,,,,,,DE ACUERDO,DE ACUERDO,NEUTRAL,DE ACUERDO,DE ACUERDO,NEUTRAL,NEUTRAL,NEUTRAL
066FIS,69,MUJER,HOGAR,HOGAR,TLALPAN,LOS ENCINOS,LOS ENCINOS,SÍ,SÍ,,NO,NO,SÍ,NO,NO,NO,SÍ,NO,,SÍ,NO,NO,NO,NO,NO,NO,NO,,SÍ,Regular (una o dos veces por semana),NO,NO,NO,SÍ,NO,NO,ENTRE SEMANA,SÍ,Regular (una o dos veces por semana),NO,NO,NO,SÍ,NO,NO,INDISTINTO,NO,,,,,,,,,DE ACUERDO,EN DESACUERDO,EN DESACUERDO,EN DESACUERDO,DE ACUERDO,EN DESACUERDO,EN DESACUERDO,EN DESACUERDO
067FIS,42,MUJER,TRABAJO REUMUNERADO,TRANSPORTE,TLALPAN,OTRA,HÉROES DE 1910,SÍ,SÍ,,NO,NO,NO,SÍ,NO,NO,NO,NO,,NO,NO,NO,NO,SÍ,NO,NO,NO,,NO,,,,,,,,,SÍ,Muy poca (una o dos veces en los últimos seis meses),NO,NO,SÍ,NO,NO,NO,FINES DE SEMANA,NO,,,,,,,,,EN DESACUERDO,NEUTRAL,EN DESACUERDO,NEUTRAL,DE ACUERDO,MUY EN DESACUERDO,NEUTRAL,EN DESACUERDO
068FIS,49,HOMBRE,DESEMPLEADO,DESEMPLEADO,TLALPAN,LOMAS DE PADIERNA,LOMAS DE PADIERNA,SÍ,SÍ,,NO,SÍ,NO,SÍ,NO,SÍ,NO,NO,,SÍ,NO,SÍ,NO,SÍ,NO,NO,NO,,SÍ,Poca (una o dos veces al mes),NO,SÍ,SÍ,NO,NO,NO,INDISTINTO,NO,,,,,,,,,NO,,,,,,,,,DE ACUERDO,DE ACUERDO,NEUTRAL,DE ACUERDO,DE ACUERDO,DE ACUERDO,NEUTRAL,NEUTRAL
069FIS,81,HOMBRE,TRABAJO REUMUNERADO,COMERCIANTE,MAGDALENA CONTRERAS,HÉROES DE PADIERNA,HÉROES DE PADIERNA,SÍ,SÍ,,NO,NO,NO,SÍ,SÍ,NO,NO,NO,,SÍ,NO,NO,NO,NO,NO,NO,NO,,NO,,,,,,,,,NO,,,,,,,,,NO,,,,,,,,,,,,,,,,
070FIS,29,MUJER,,,MAGDALENA CONTRERAS,HÉROES DE PADIERNA,HÉROES DE PADIERNA,SÍ,SÍ,,NO,NO,NO,SÍ,SÍ,NO,NO,NO,,SÍ,SÍ,NO,SÍ,SÍ,NO,NO,NO,,SÍ,Regular (una o dos veces por semana),NO,NO,NO,SÍ,NO,SÍ,INDISTINTO,SÍ,Alta (más de dos veces por semana),NO,SÍ,NO,NO,NO,NO,,NO,,,,,,,,,EN DESACUERDO,EN DESACUERDO,EN DESACUERDO,EN DESACUERDO,EN DESACUERDO,EN DESACUERDO,EN DESACUERDO,EN DESACUERDO
071FIS,61,HOMBRE,JUBILADO,JUBILADO,TLALPAN,TORRES DE PADIERNA,TORRES DE PADIERNA,SÍ,SÍ,,NO,NO,NO,SÍ,NO,NO,NO,NO,,SÍ,NO,SÍ,NO,NO,NO,NO,NO,,SÍ,Muy poca (una o dos veces en los últimos seis meses),NO,SÍ,NO,NO,NO,NO,INDISTINTO,SÍ,Muy poca (una o dos veces en los últimos seis meses),NO,SÍ,NO,NO,NO,NO,FINES DE SEMANA,NO,,,,,,,,,DE ACUERDO,NEUTRAL,NEUTRAL,NEUTRAL,DE ACUERDO,EN DESACUERDO,NEUTRAL,NEUTRAL
072FIS,59,MUJER,HOGAR,HOGAR,TLALPAN,TORRES DE PADIERNA,TORRES DE PADIERNA,SÍ,SÍ,,NO,NO,NO,SÍ,NO,NO,NO,NO,,NO,NO,NO,SÍ,NO,NO,NO,NO,,SÍ,Poca (una o dos veces al mes),NO,SÍ,NO,NO,NO,NO,FINES DE SEMANA,NO,,,,,,,,,NO,,,,,,,,,DE ACUERDO,NEUTRAL,NEUTRAL,DE ACUERDO,NEUTRAL,NEUTRAL,NEUTRAL,DE ACUERDO
073FIS,73,HOMBRE,JUBILADO,PENSIONADO,TLALPAN,HÉROES DE PADIERNA,HÉROES DE PADIERNA,SÍ,SÍ,,NO,NO,NO,SÍ,NO,NO,NO,NO,,SÍ,NO,NO,NO,NO,NO,NO,NO,,SÍ,Muy poca (una o dos veces en los últimos seis meses),NO,NO,SÍ,NO,NO,NO,INDISTINTO,NO,,,,,,,,,NO,,,,,,,,,NEUTRAL,NEUTRAL,NEUTRAL,,EN DESACUERDO,DE ACUERDO,EN DESACUERDO,NEUTRAL
074FIS,75,HOMBRE,TRABAJO REUMUNERADO,MANTENIMIENTO AL SALÓN,TLALPAN,2 DE OCTUBRE,2 DE OCTUBRE,SÍ,SÍ,,NO,SÍ,NO,NO,NO,NO,NO,NO,,,,,,,,,,,SÍ,Muy poca (una o dos veces en los últimos seis meses),NO,NO,NO,SÍ,NO,NO,,NO,,,,,,,,,NO,,,,,,,,,MUY DE ACUERDO,EN DESACUERDO,MUY DE ACUERDO,DE ACUERDO,,,,
075FIS,70,MUJER,HOGAR,HOGAR,TLALPAN,LOMAS DE PADIERNA,LOMAS DE PADIERNA,SÍ,SÍ,,NO,NO,NO,NO,NO,SÍ,NO,NO,,NO,SÍ,NO,SÍ,NO,NO,NO,NO,,SÍ,Nunca (cero veces),NO,NO,SÍ,NO,NO,NO,FINES DE SEMANA,NO,,,,,,,,,NO,,,,,,,,,,,,,EN DESACUERDO,DE ACUERDO,,
076FIS,,MUJER,HOGAR,HOGAR,MAGDALENA CONTRERAS,HÉROES DE PADIERNA,HÉROES DE PADIERNA,SÍ,SÍ,,NO,NO,NO,NO,NO,NO,NO,SÍ,LA CONEXIÓN DE UN LUGAR A OTRO,SÍ,NO,NO,NO,NO,NO,NO,NO,,SÍ,Muy poca (una o dos veces en los últimos seis meses),NO,SÍ,NO,NO,NO,NO,ENTRE SEMANA,NO,,,,,,,,,NO,,,,,,,,,DE ACUERDO,NEUTRAL,DE ACUERDO,DE ACUERDO,DE ACUERDO,NEUTRAL,NEUTRAL,DE ACUERDO
078FIS,60,HOMBRE,JUBILADO,PENSIONADO,MAGDALENA CONTRERAS,OTRA,LOS PADRES,SÍ,SÍ,,SÍ,NO,NO,NO,SÍ,SÍ,NO,NO,,NO,NO,SÍ,NO,NO,NO,NO,NO,,SÍ,Regular (una o dos veces por semana),NO,SÍ,NO,NO,NO,NO,ENTRE SEMANA,NO,,,,,,,,,NO,,,,,,,,,DE ACUERDO,EN DESACUERDO,EN DESACUERDO,DE ACUERDO,DE ACUERDO,EN DESACUERDO,NEUTRAL,EN DESACUERDO
079FIS,52,MUJER,TRABAJO REUMUNERADO,COMERCIO,TLALPAN,LOMAS DE PADIERNA,LOMAS DE PADIERNA,SÍ,SÍ,,NO,NO,NO,NO,SÍ,NO,NO,NO,,SÍ,NO,NO,NO,NO,NO,NO,NO,,SÍ,Poca (una o dos veces al mes),NO,NO,SÍ,NO,NO,NO,ENTRE SEMANA,NO,,,,,,,,,NO,,,,,,,,,DE ACUERDO,DE ACUERDO,DE ACUERDO,DE ACUERDO,DE ACUERDO,DE ACUERDO,DE ACUERDO,DE ACUERDO
080FIS,57,MUJER,TRABAJO REUMUNERADO,TRABAJO EN UNA TIENDA,MAGDALENA CONTRERAS,HÉROES DE PADIERNA,HÉROES DE PADIERNA,SÍ,SÍ,,NO,NO,SÍ,NO,NO,NO,NO,SÍ,LLEVO A LOS NIETOS A LA ESCUELA,NO,NO,NO,NO,NO,NO,NO,SÍ,NIETOS Y BISNIETOS,SÍ,Alta (más de dos veces por semana),NO,NO,NO,SÍ,NO,NO,ENTRE SEMANA,NO,,,,,,,,,NO,,,,,,,,,DE ACUERDO,DE ACUERDO,DE ACUERDO,DE ACUERDO,MUY DE ACUERDO,MUY DE ACUERDO,NEUTRAL,DE ACUERDO
081FIS,62,MUJER,HOGAR,AL HOGAR,MAGDALENA CONTRERAS,OTRA,LA CRUZ,SÍ,SÍ,,NO,NO,NO,NO,SÍ,SÍ,NO,NO,,SÍ,NO,NO,NO,NO,NO,NO,NO,,SÍ,Alta (más de dos veces por semana),NO,SÍ,NO,NO,NO,NO,ENTRE SEMANA,NO,,,,,,,,,NO,,,,,,,,,DE ACUERDO,EN DESACUERDO,DE ACUERDO,DE ACUERDO,DE ACUERDO,MUY EN DESACUERDO,EN DESACUERDO,EN DESACUERDO
082FIS,65,MUJER,,,TLALPAN,,,SÍ,SÍ,,NO,NO,NO,NO,SÍ,SÍ,NO,NO,,NO,SÍ,NO,NO,SÍ,NO,NO,NO,,SÍ,Nunca (cero veces),NO,SÍ,NO,NO,NO,NO,INDISTINTO,NO,,,,,,,,,NO,,,,,,,,,NEUTRAL,,NEUTRAL,NEUTRAL,NEUTRAL,,,NEUTRAL
083FIS,68,MUJER,HOGAR,AL HOGAR,TLALPAN,HÉROES DE PADIERNA,HÉROES DE PADIERNA,SÍ,SÍ,,NO,NO,NO,NO,SÍ,NO,NO,NO,,NO,NO,SÍ,NO,NO,NO,NO,NO,,SÍ,Regular (una o dos veces por semana),NO,SÍ,NO,NO,NO,NO,FINES DE SEMANA,NO,,,,,,,,,NO,,,,,,,,,EN DESACUERDO,MUY EN DESACUERDO,MUY EN DESACUERDO,,,MUY EN DESACUERDO,EN DESACUERDO,EN DESACUERDO
084FIS,63,MUJER,TRABAJO REUMUNERADO,EMPLEADA DEL HOGAR,MAGDALENA CONTRERAS,SANTA TERESA,SANTA TERESA,NO,NO,No vivo sercar del la ciclovia,,,,,,,,,,,,,,,,,,,,,,,,,,,,,,,,,,,,,,,,,,,,,,DE ACUERDO,,EN DESACUERDO,MUY DE ACUERDO,DE ACUERDO,EN DESACUERDO,EN DESACUERDO,EN DESACUERDO
085FIS,62,MUJER,HOGAR,HOGAR,MAGDALENA CONTRERAS,SANTA TERESA,SANTA TERESA,SÍ,SÍ,,SÍ,SÍ,NO,NO,NO,NO,NO,NO,,SÍ,SÍ,NO,NO,NO,NO,NO,NO,,SÍ,Regular (una o dos veces por semana),NO,NO,SÍ,NO,NO,NO,ENTRE SEMANA,NO,,,,,,,,,NO,,,,,,,,,DE ACUERDO,MUY EN DESACUERDO,MUY EN DESACUERDO,EN DESACUERDO,NEUTRAL,MUY EN DESACUERDO,EN DESACUERDO,EN DESACUERDO
086FIS,63,MUJER,HOGAR,AL HOGAR,MAGDALENA CONTRERAS,SANTA TERESA,SANTA TERESA,SÍ,SÍ,,NO,NO,NO,NO,SÍ,SÍ,NO,NO,,SÍ,NO,NO,NO,NO,NO,NO,NO,,NO,,NO,SÍ,NO,NO,NO,NO,FINES DE SEMANA,NO,,,,,,,,,NO,,,,,,,,,DE ACUERDO,DE ACUERDO,EN DESACUERDO,EN DESACUERDO,EN DESACUERDO,EN DESACUERDO,EN DESACUERDO,DE ACUERDO
087FIS,70,HOMBRE,TRABAJO REUMUNERADO,CARPINTERÍA,TLALPAN,LOMAS DE PADIERNA,LOMAS DE PADIERNA,SÍ,SÍ,,SÍ,SÍ,NO,NO,SÍ,NO,NO,NO,,SÍ,NO,NO,NO,NO,NO,NO,NO,,SÍ,Regular (una o dos veces por semana),NO,SÍ,NO,NO,SÍ,NO,INDISTINTO,NO,,,,,,,,,NO,,,,,,,,,EN DESACUERDO,MUY EN DESACUERDO,NEUTRAL,NEUTRAL,EN DESACUERDO,MUY EN DESACUERDO,EN DESACUERDO,EN DESACUERDO
088FIS,54,MUJER,HOGAR,HOGAR,TLALPAN,LOMAS DE PADIERNA,LOMAS DE PADIERNA,SÍ,NO,porque no vivo por la ciclovía,,,,,,,,,,,,,,,,,,,,,,,,,,,,,,,,,,,,,,,,,,,,,,,DE ACUERDO,NEUTRAL,,,,MUY EN DESACUERDO,
089FIS,69,HOMBRE,JUBILADO,JUBILADO ,IZTAPALAPA,VALLE DE LUCES,VALLE DE LUCES,SÍ,SÍ,,NO,NO,NO,NO,NO,NO,NO,SÍ,VISITAR A UNA HERMANA,,,,,,,,,,SÍ,Regular (una o dos veces por semana),NO,NO,NO,NO,SÍ,NO,ENTRE SEMANA,NO,,,,,,,,,NO,,,,,,,,,NEUTRAL,DE ACUERDO,NEUTRAL,NEUTRAL,NEUTRAL,NEUTRAL,NEUTRAL,NEUTRAL
090FIS,67,MUJER,HOGAR,HOGAR Y ASOCIACIÓN UPPSAN,IZTAPALAPA,VALLE DE LUCES,VALLE DE LUCES,NO,NO,Porque estamos muy lejos de aquí y yo camino por canal nacional de Taxqueña a Cuemanco  ,,,,,,,,,,,,,,,,,,,,,,,,,,,,,,,,,,,,,,,,,,,,,,,,,,,,,
091FIS,46,MUJER,TRABAJO REUMUNERADO,CUIDADORA ,BENITO JUÁREZ,OTRA,PORTALES NORTE,SÍ,SÍ,,NO,NO,NO,NO,SÍ,NO,SÍ,NO,,NO,NO,SÍ,NO,SÍ,NO,NO,NO,,SÍ,Regular (una o dos veces por semana),NO,SÍ,NO,NO,NO,NO,INDISTINTO,SÍ,Regular (una o dos veces por semana),NO,SÍ,NO,NO,NO,NO,INDISTINTO,NO,,,,,,,,,DE ACUERDO,NEUTRAL,NEUTRAL,DE ACUERDO,DE ACUERDO,NEUTRAL,NEUTRAL,DE ACUERDO
092FIS,71,HOMBRE,TRABAJO REUMUNERADO,TRABAJO ,TLALPAN,LOMAS DE PADIERNA,LOMAS DE PADIERNA,SÍ,SÍ,,NO,NO,NO,SÍ,SÍ,NO,NO,SÍ,SENDERISMO,NO,NO,SÍ,NO,NO,NO,NO,NO,,SÍ,Muy poca (una o dos veces en los últimos seis meses),NO,SÍ,NO,NO,NO,NO,FINES DE SEMANA,SÍ,Alta (más de dos veces por semana),NO,SÍ,NO,NO,NO,NO,ENTRE SEMANA,NO,,,,,,,,,DE ACUERDO,NEUTRAL,NEUTRAL,DE ACUERDO,MUY DE ACUERDO,NEUTRAL,DE ACUERDO,NEUTRAL
093FIS,,HOMBRE,JUBILADO,JUBILADO ,TLALPAN,LOMAS DE PADIERNA,LOMAS DE PADIERNA,SÍ,SÍ,,NO,NO,NO,SÍ,SÍ,NO,SÍ,NO,,SÍ,SÍ,NO,SÍ,SÍ,SÍ,NO,NO,,SÍ,Muy poca (una o dos veces en los últimos seis meses),NO,SÍ,NO,NO,NO,NO,INDISTINTO,SÍ,Muy poca (una o dos veces en los últimos seis meses),NO,SÍ,NO,NO,NO,NO,INDISTINTO,NO,,,,,,,,,DE ACUERDO,DE ACUERDO,DE ACUERDO,DE ACUERDO,DE ACUERDO,DE ACUERDO,DE ACUERDO,DE ACUERDO
094FIS,59,HOMBRE,TRABAJO REUMUNERADO,CONDUCTOR ,TLALPAN,HÉROES DE PADIERNA,HÉROES DE PADIERNA,SÍ,SÍ,,NO,NO,NO,NO,SÍ,NO,NO,NO,,SÍ,NO,NO,NO,NO,NO,NO,NO,,SÍ,Nunca (cero veces),NO,NO,NO,NO,NO,NO,,SÍ,Regular (una o dos veces por semana),NO,SÍ,NO,NO,NO,NO,ENTRE SEMANA,NO,,,,,,,,,EN DESACUERDO,EN DESACUERDO,EN DESACUERDO,DE ACUERDO,DE ACUERDO,NEUTRAL,EN DESACUERDO,MUY EN DESACUERDO
095FIS,65,HOMBRE,,,MAGDALENA CONTRERAS,SAN JERÓNIMO ACULCO - LIDICE (PBLO),SAN JERÓNIMO ACULCO - LIDICE (PBLO),SÍ,SÍ,,SÍ,SÍ,NO,NO,SÍ,NO,NO,NO,,SÍ,SÍ,NO,SÍ,SÍ,NO,NO,NO,,SÍ,Poca (una o dos veces al mes),NO,SÍ,NO,NO,NO,NO,ENTRE SEMANA,NO,,,,,,,,,NO,,,,,,,,,EN DESACUERDO,EN DESACUERDO,EN DESACUERDO,NEUTRAL,NEUTRAL,NEUTRAL,NEUTRAL,EN DESACUERDO
096FIS,80,HOMBRE,,,MAGDALENA CONTRERAS,SAN JERÓNIMO ACULCO - LIDICE (PBLO),SAN JERÓNIMO ACULCO - LIDICE (PBLO),SÍ,SÍ,,SÍ,NO,NO,NO,NO,NO,SÍ,NO,,SÍ,NO,NO,SÍ,SÍ,NO,NO,NO,,SÍ,Muy poca (una o dos veces en los últimos seis meses),NO,NO,SÍ,NO,NO,NO,ENTRE SEMANA,NO,,,,,,,,,NO,,,,,,,,,NEUTRAL,NEUTRAL,EN DESACUERDO,EN DESACUERDO,NEUTRAL,EN DESACUERDO,EN DESACUERDO,EN DESACUERDO
097FIS,78,HOMBRE,OTRO,A BUSCAR INGRESOS ,TLALPAN,LOMAS DE PADIERNA,LOMAS DE PADIERNA,SÍ,SÍ,,,,,,,,,,,,,,,,,,,,SÍ,Poca (una o dos veces al mes),NO,NO,SÍ,NO,NO,NO,ENTRE SEMANA,NO,,,,,,,,,NO,,,,,,,,,DE ACUERDO,DE ACUERDO,EN DESACUERDO,EN DESACUERDO,NEUTRAL,MUY EN DESACUERDO,NEUTRAL,NEUTRAL
098FIS,72,MUJER,HOGAR,AMA DE CASA ,TLALPAN,SECCIONES DE PEDREGAL DE SAN NICOLÁS,PEDREGAL DE SAN NICOLÁS (SECCIÓN NO DESGLOSADA),SÍ,SÍ,,,,,,,,,,,SÍ,SÍ,NO,NO,NO,NO,NO,NO,,SÍ,Muy poca (una o dos veces en los últimos seis meses),NO,SÍ,NO,NO,NO,NO,INDISTINTO,NO,,,,,,,,,NO,,,,,,,,,EN DESACUERDO,EN DESACUERDO,EN DESACUERDO,EN DESACUERDO,EN DESACUERDO,NEUTRAL,EN DESACUERDO,EN DESACUERDO
099FIS,62,MUJER,HOGAR,HOGAR ,TLALPAN,2 DE OCTUBRE,2 DE OCTUBRE,SÍ,SÍ,,NO,NO,SÍ,NO,NO,SÍ,NO,NO,,NO,NO,NO,SÍ,NO,NO,NO,SÍ,NIETOS Y BISNIETOS,SÍ,Regular (una o dos veces por semana),NO,SÍ,NO,NO,NO,NO,FINES DE SEMANA,NO,,,,,,,,,NO,,,,,,,,,NEUTRAL,MUY EN DESACUERDO,MUY EN DESACUERDO,DE ACUERDO,DE ACUERDO,DE ACUERDO,MUY EN DESACUERDO,MUY EN DESACUERDO
100FIS,62,HOMBRE,JUBILADO,JUBILADO ,TLALPAN,2 DE OCTUBRE,2 DE OCTUBRE,SÍ,SÍ,,NO,NO,NO,NO,NO,SÍ,NO,NO,,NO,NO,NO,SÍ,NO,NO,NO,NO,,SÍ,Regular (una o dos veces por semana),NO,NO,SÍ,NO,NO,NO,FINES DE SEMANA,NO,,,,,,,,,NO,,,,,,,,,NEUTRAL,NEUTRAL,MUY EN DESACUERDO,MUY EN DESACUERDO,NEUTRAL,NEUTRAL,DE ACUERDO,NEUTRAL
101FIS,78,HOMBRE,JUBILADO,PENSIONADO ,MAGDALENA CONTRERAS,HÉROES DE PADIERNA,HÉROES DE PADIERNA,SÍ,SÍ,,SÍ,NO,NO,NO,SÍ,NO,NO,NO,,SÍ,NO,NO,NO,NO,NO,NO,NO,,SÍ,Nunca (cero veces),NO,SÍ,SÍ,NO,NO,NO,,NO,,,,,,,,,NO,,,,,,,,,EN DESACUERDO,DE ACUERDO,MUY EN DESACUERDO,EN DESACUERDO,EN DESACUERDO,MUY EN DESACUERDO,EN DESACUERDO,EN DESACUERDO
102FIS,59,MUJER,TRABAJO REUMUNERADO,NEGOCIO PROPIO ,TLALPAN,SECCIONES DE PEDREGAL DE SAN NICOLÁS,PEDREGAL DE SAN NICOLÁS IV SECCIÓN,SÍ,SÍ,,NO,SÍ,NO,NO,NO,SÍ,NO,NO,,SÍ,NO,NO,NO,NO,NO,NO,NO,,SÍ,Alta (más de dos veces por semana),NO,SÍ,NO,NO,NO,SÍ,INDISTINTO,NO,,,,,,,,,NO,,,,,,,,,NEUTRAL,NEUTRAL,EN DESACUERDO,DE ACUERDO,EN DESACUERDO,EN DESACUERDO,EN DESACUERDO,EN DESACUERDO
103FIS,71,MUJER,HOGAR,HOGAR ,TLALPAN,AMPLIACIÓN MIGUEL HIDALGO 3A SECC,AMPLIACIÓN MIGUEL HIDALGO 3A SECC,SÍ,SÍ,,NO,NO,NO,NO,NO,SÍ,NO,NO,,NO,SÍ,NO,NO,NO,NO,NO,NO,,SÍ,Regular (una o dos veces por semana),NO,NO,SÍ,NO,NO,NO,FINES DE SEMANA,NO,,,,,,,,,NO,,,,,,,,,,,,,,,,
104FIS,51,MUJER,TRABAJO REUMUNERADO,VENTAS ,MAGDALENA CONTRERAS,HÉROES DE PADIERNA,HÉROES DE PADIERNA,NO,NO,No tránsito ni conozco la zona ,,,,,,,,,,,,,,,,,,,,,,,,,,,,,,,,,,,,,,,,,,,,,,,,,,,,,
105FIS,67,MUJER,TRABAJO REUMUNERADO,JARDINERA ,MAGDALENA CONTRERAS,SAN JERÓNIMO ACULCO - LIDICE (PBLO),SAN JERÓNIMO ACULCO - LIDICE (PBLO),NO,NO,,,,,,,,,,,,,,,,,,,,,,,,,,,,,,,,,,,,,,,,,,,,,,,,,,,,,,
106FIS,70,MUJER,HOGAR,HOGAR ,TLALPAN,OTRA,SAN NICOLÁS TOTOLAPAN,SÍ,SÍ,,SÍ,NO,NO,NO,NO,SÍ,NO,NO,,SÍ,SÍ,NO,NO,NO,NO,NO,NO,,SÍ,Nunca (cero veces),NO,NO,NO,NO,NO,NO,INDISTINTO,NO,,,,,,,,,NO,,,,,,,,,NEUTRAL,DE ACUERDO,EN DESACUERDO,DE ACUERDO,DE ACUERDO,DE ACUERDO,DE ACUERDO,DE ACUERDO
107FIS,52,MUJER,HOGAR,CASA ,TLALPAN,TORRES DE PADIERNA,TORRES DE PADIERNA,SÍ,SÍ,,NO,NO,NO,NO,NO,SÍ,NO,NO,,NO,SÍ,NO,NO,NO,NO,NO,NO,,SÍ,Muy poca (una o dos veces en los últimos seis meses),NO,NO,SÍ,NO,NO,NO,FINES DE SEMANA,NO,,,,,,,,,NO,,,,,,,,,DE ACUERDO,NEUTRAL,NEUTRAL,DE ACUERDO,DE ACUERDO,DE ACUERDO,NEUTRAL,NEUTRAL
108FIS,60,HOMBRE,TRABAJO REUMUNERADO,CHÓFER ,TLALPAN,LOMAS DE PADIERNA,LOMAS DE PADIERNA,SÍ,SÍ,,NO,NO,NO,NO,SÍ,NO,NO,NO,,NO,NO,SÍ,NO,NO,NO,NO,NO,,SÍ,Nunca (cero veces),NO,NO,NO,NO,NO,NO,,SÍ,Muy poca (una o dos veces en los últimos seis meses),NO,NO,NO,SÍ,NO,NO,FINES DE SEMANA,NO,,,,,,,,,DE ACUERDO,NEUTRAL,DE ACUERDO,DE ACUERDO,NEUTRAL,EN DESACUERDO,EN DESACUERDO,EN DESACUERDO
109FIS,52,HOMBRE,TRABAJO REUMUNERADO,NEGOCIO PROPIO,TLALPAN,SECCIONES DE PEDREGAL DE SAN NICOLÁS,PEDREGAL DE SAN NICOLÁS I SECCIÓN,SÍ,SÍ,,NO,NO,NO,NO,NO,NO,NO,SÍ,DEPENDE DE LAS ACTIVIDADES,NO,NO,NO,NO,SÍ,NO,NO,NO,,SÍ,Regular (una o dos veces por semana),NO,NO,NO,NO,SÍ,NO,INDISTINTO,NO,,,,,,,,,NO,,,,,,,,,DE ACUERDO,EN DESACUERDO,EN DESACUERDO,DE ACUERDO,EN DESACUERDO,EN DESACUERDO,EN DESACUERDO,NEUTRAL
110FIS,69,MUJER,JUBILADO,JUBILADA,TLALPAN,OTRA,AMPLIACIÓN MIGUEL HIDALGO 2A SECC,SÍ,NO,No vivo cerca de ahí,,,,,,,,,,,,,,,,,,,,,,,,,,,,,,,,,,,,,,,,,,,,,,NEUTRAL,NEUTRAL,NEUTRAL,NEUTRAL,NEUTRAL,NEUTRAL,NEUTRAL,NEUTRAL
111FIS,65,MUJER,TRABAJO REUMUNERADO,ENFERMERA,TLALPAN,MIGUEL HIDALGO,MIGUEL HIDALGO,SÍ,SÍ,,NO,NO,NO,SÍ,SÍ,NO,SÍ,NO,,NO,SÍ,SÍ,NO,SÍ,SÍ,NO,NO,,SÍ,Alta (más de dos veces por semana),NO,NO,NO,NO,NO,SÍ,INDISTINTO,NO,,,,,,,,,NO,,,,,,,,,DE ACUERDO,,NEUTRAL,DE ACUERDO,EN DESACUERDO,NEUTRAL,EN DESACUERDO,EN DESACUERDO
112FIS,64,MUJER,TRABAJO REUMUNERADO,DISTRIBUIDORA INDEPENDIENTE,TLALPAN,CUCHILLA DE PADIERNA,CUCHILLA DE PADIERNA,SÍ,SÍ,,NO,NO,NO,NO,NO,SÍ,NO,NO,,,,,,,,,,,SÍ,Poca (una o dos veces al mes),NO,NO,SÍ,NO,NO,NO,,NO,,,,,,,,,NO,,,,,,,,,DE ACUERDO,,EN DESACUERDO,DE ACUERDO,EN DESACUERDO,EN DESACUERDO,,MUY EN DESACUERDO
113FIS,69,HOMBRE,DESEMPLEADO,DESEMPLEADO,MAGDALENA CONTRERAS,SAN JERÓNIMO ACULCO - LIDICE (PBLO),SAN JERÓNIMO ACULCO - LIDICE (PBLO),SÍ,SÍ,,SÍ,NO,NO,SÍ,NO,SÍ,NO,NO,,NO,SÍ,NO,SÍ,SÍ,NO,NO,NO,,SÍ,Regular (una o dos veces por semana),NO,SÍ,NO,NO,NO,NO,INDISTINTO,NO,,,,,,,,,NO,,,,,,,,,EN DESACUERDO,NEUTRAL,DE ACUERDO,DE ACUERDO,MUY EN DESACUERDO,MUY EN DESACUERDO,EN DESACUERDO,EN DESACUERDO
114FIS,68,MUJER,HOGAR,AL HOGAR,TLALPAN,SECCIONES DE PEDREGAL DE SAN NICOLÁS,PEDREGAL DE SAN NICOLÁS (SECCIÓN NO DESGLOSADA),SÍ,SÍ,,SÍ,SÍ,NO,NO,SÍ,SÍ,SÍ,NO,,SÍ,NO,SÍ,NO,NO,SÍ,NO,NO,,SÍ,Alta (más de dos veces por semana),NO,SÍ,NO,SÍ,NO,NO,INDISTINTO,NO,,,,,,,,,NO,,,,,,,,,DE ACUERDO,MUY EN DESACUERDO,EN DESACUERDO,NEUTRAL,DE ACUERDO,MUY EN DESACUERDO,EN DESACUERDO,MUY EN DESACUERDO
115FIS,18,NO BINARIO,TRABAJO REUMUNERADO,EMPLEADO,TLALPAN,MIGUEL HIDALGO,MIGUEL HIDALGO,SÍ,SÍ,,NO,NO,NO,SÍ,NO,NO,SÍ,NO,,NO,NO,NO,NO,SÍ,SÍ,NO,NO,,SÍ,Muy poca (una o dos veces en los últimos seis meses),NO,SÍ,SÍ,SÍ,NO,NO,ENTRE SEMANA,NO,,,,,,,,,NO,,,,,,,,,DE ACUERDO,NEUTRAL,MUY EN DESACUERDO,EN DESACUERDO,MUY EN DESACUERDO,NEUTRAL,MUY EN DESACUERDO,EN DESACUERDO
116FIS,43,MUJER,TRABAJO REUMUNERADO,EMPLEADA,TLALPAN,AMPLIACIÓN MIGUEL HIDALGO (SIN SECCIÓN DESGLOSADA),AMPLIACIÓN MIGUEL HIDALGO (SIN SECCIÓN DESGLOSADA),SÍ,SÍ,,NO,NO,NO,NO,SÍ,NO,NO,NO,,NO,SÍ,NO,SÍ,NO,SÍ,NO,NO,,SÍ,Muy poca (una o dos veces en los últimos seis meses),NO,SÍ,NO,NO,NO,NO,INDISTINTO,NO,,,,,,,,,NO,,,,,,,,,EN DESACUERDO,EN DESACUERDO,EN DESACUERDO,EN DESACUERDO,DE ACUERDO,EN DESACUERDO,EN DESACUERDO,EN DESACUERDO
117FIS,68,MUJER,,,TLALPAN,HÉROES DE PADIERNA,HÉROES DE PADIERNA,SÍ,SÍ,,NO,NO,NO,NO,SÍ,NO,NO,NO,,SÍ,NO,NO,NO,NO,NO,NO,NO,,SÍ,Nunca (cero veces),NO,NO,NO,NO,NO,NO,,SÍ,Diario,NO,SÍ,NO,NO,NO,NO,ENTRE SEMANA,NO,,,,,,,,,MUY DE ACUERDO,EN DESACUERDO,EN DESACUERDO,MUY DE ACUERDO,DE ACUERDO,EN DESACUERDO,,EN DESACUERDO
118FIS,77,HOMBRE,JUBILADO,RETIRADO,TLALPAN,HÉROES DE PADIERNA,HÉROES DE PADIERNA,SÍ,NO,,,,,,,,,,,,,,,,,,,,,,,,,,,,,,,,,,,,,,,,,,,,,,,,,,,,,,
119FIS,55,MUJER,HOGAR,AL HOGAR,MAGDALENA CONTRERAS,SAN JERÓNIMO ACULCO - LIDICE (PBLO),SAN JERÓNIMO ACULCO - LIDICE (PBLO),SÍ,SÍ,,SÍ,NO,SÍ,SÍ,SÍ,SÍ,SÍ,NO,,SÍ,NO,NO,NO,SÍ,SÍ,NO,NO,,SÍ,Diariamente,NO,SÍ,NO,NO,NO,NO,INDISTINTO,NO,,,,,,,,,NO,,,,,,,,,MUY DE ACUERDO,EN DESACUERDO,MUY DE ACUERDO,EN DESACUERDO,MUY DE ACUERDO,MUY EN DESACUERDO,MUY DE ACUERDO,EN DESACUERDO
120FIS,66,MUJER,HOGAR,CASA,TLALPAN,SECCIONES DE PEDREGAL DE SAN NICOLÁS,PEDREGAL DE SAN NICOLÁS (SECCIÓN NO DESGLOSADA),SÍ,SÍ,,,,,,,,,,,NO,SÍ,SÍ,NO,NO,SÍ,NO,NO,,SÍ,Muy poca (una o dos veces en los últimos seis meses),NO,SÍ,NO,NO,NO,NO,FINES DE SEMANA,NO,,,,,,,,,NO,,,,,,,,,,DE ACUERDO,NEUTRAL,DE ACUERDO,DE ACUERDO,NEUTRAL,,
121FIS,62,MUJER,HOGAR,AL HOGAR,TLALPAN,SECCIONES DE PEDREGAL DE SAN NICOLÁS,PEDREGAL DE SAN NICOLÁS (SECCIÓN NO DESGLOSADA),SÍ,SÍ,,NO,NO,NO,NO,SÍ,NO,SÍ,NO,,SÍ,NO,NO,NO,NO,SÍ,NO,NO,,SÍ,Regular (una o dos veces por semana),NO,SÍ,NO,NO,NO,NO,FINES DE SEMANA,NO,,,,,,,,,NO,,,,,,,,,DE ACUERDO,NEUTRAL,EN DESACUERDO,DE ACUERDO,EN DESACUERDO,MUY EN DESACUERDO,EN DESACUERDO,EN DESACUERDO
122FIS,60,MUJER,HOGAR,HOGAR,TLALPAN,OTRA,SAN ANDRÉS TOTOLTEPEC (PBLO),SÍ,SÍ,,NO,NO,NO,NO,SÍ,NO,SÍ,NO,,SÍ,SÍ,NO,NO,NO,SÍ,NO,NO,,SÍ,Muy poca (una o dos veces en los últimos seis meses),NO,SÍ,NO,NO,NO,NO,INDISTINTO,SÍ,Muy poca (una o dos veces en los últimos seis meses),,,,,,,,NO,,,,,,,,,EN DESACUERDO,NEUTRAL,NEUTRAL,DE ACUERDO,NEUTRAL,NEUTRAL,NEUTRAL,NEUTRAL
123FIS,66,HOMBRE,TRABAJO REUMUNERADO,COMERCIANTE,MAGDALENA CONTRERAS,SAN JERÓNIMO ACULCO - LIDICE (PBLO),SAN JERÓNIMO ACULCO - LIDICE (PBLO),SÍ,SÍ,,NO,NO,NO,SÍ,SÍ,SÍ,SÍ,NO,,SÍ,SÍ,SÍ,SÍ,SÍ,SÍ,NO,NO,,SÍ,Regular (una o dos veces por semana),NO,SÍ,NO,NO,NO,NO,FINES DE SEMANA,SÍ,Regular (una o dos veces por semana),NO,SÍ,NO,NO,NO,NO,ENTRE SEMANA,NO,,,,,,,,,DE ACUERDO,DE ACUERDO,DE ACUERDO,DE ACUERDO,DE ACUERDO,DE ACUERDO,DE ACUERDO,DE ACUERDO
124DIG,68,MUJER,OTRO,ACTIVISTA EN UPPESAN A.C.,TLALPAN,SECCIONES DE PEDREGAL DE SAN NICOLÁS,PEDREGAL DE SAN NICOLÁS (SECCIÓN NO DESGLOSADA),SÍ,SÍ,,NO,NO,NO,NO,SÍ,NO,NO,NO,,,,,,,,,,,SÍ,Poca (una o dos veces al mes),,,,,,,,NO,,,,,,,,,NO,,,,,,,,,,,,,,,,
125DIG,71,HOMBRE,JUBILADO,JUBILADO ,TLALPAN,SECCIONES DE PEDREGAL DE SAN NICOLÁS,PEDREGAL DE SAN NICOLÁS IV SECCIÓN,SÍ,SÍ,,SÍ,NO,NO,SÍ,SÍ,NO,NO,NO,,SÍ,SÍ,SÍ,SÍ,SÍ,NO,NO,NO,,SÍ,Alta (más de dos veces por semana),NO,SÍ,SÍ,SÍ,SÍ,SÍ,INDISTINTO,NO,,,,,,,,INDISTINTO,NO,,,,,,,,,EN DESACUERDO,EN DESACUERDO,EN DESACUERDO,EN DESACUERDO,EN DESACUERDO,EN DESACUERDO,EN DESACUERDO,EN DESACUERDO
126DIG,43,HOMBRE,TRABAJO REUMUNERADO,EDITOR INDEPENDIENTE DE LIBROS DE TEXTO,MAGDALENA CONTRERAS,SAN JERÓNIMO ACULCO - LIDICE (PBLO),SAN JERÓNIMO ACULCO - LIDICE (PBLO),SÍ,SÍ,,NO,NO,NO,SÍ,SÍ,SÍ,NO,SÍ,PARA DIRIGIRME A DIFERENTES PUNTOS,NO,NO,NO,NO,SÍ,NO,SÍ,NO,,SÍ,Diariamente,NO,SÍ,NO,SÍ,SÍ,NO,INDISTINTO,SÍ,Muy poca (una o dos veces en los últimos seis meses),,,,,,,,NO,,,,,,,,,EN DESACUERDO,EN DESACUERDO,EN DESACUERDO,EN DESACUERDO,DE ACUERDO,EN DESACUERDO,EN DESACUERDO,EN DESACUERDO
127DIG,62,MUJER,HOGAR,AMA DE CASA,TLALPAN,SECCIONES DE PEDREGAL DE SAN NICOLÁS,PEDREGAL DE SAN NICOLÁS IV SECCIÓN,SÍ,SÍ,,NO,NO,NO,NO,SÍ,NO,NO,NO,,NO,NO,NO,SÍ,NO,NO,NO,NO,,SÍ,Diariamente,NO,SÍ,NO,NO,NO,NO,ENTRE SEMANA,NO,,,,,,,,,NO,,,,,,,,,EN DESACUERDO,EN DESACUERDO,MUY EN DESACUERDO,MUY EN DESACUERDO,MUY EN DESACUERDO,MUY EN DESACUERDO,MUY EN DESACUERDO,MUY EN DESACUERDO
128DIG,62,MUJER,JUBILADO,PROFESORA JUBILADA,TLALPAN,HÉROES DE PADIERNA,HÉROES DE PADIERNA,SÍ,SÍ,,NO,NO,NO,NO,NO,NO,NO,SÍ,OCASIONAL,SÍ,NO,NO,NO,NO,NO,NO,NO,,SÍ,Muy poca (una o dos veces en los últimos seis meses),NO,NO,NO,SÍ,NO,NO,FINES DE SEMANA,NO,,,,,,,,,NO,,,,,,,,,DE ACUERDO,EN DESACUERDO,EN DESACUERDO,EN DESACUERDO,EN DESACUERDO,EN DESACUERDO,EN DESACUERDO,EN DESACUERDO
129DIG,65,MUJER,TRABAJO REUMUNERADO,COMERCIANTE ,TLALPAN,SECCIONES DE PEDREGAL DE SAN NICOLÁS,PEDREGAL DE SAN NICOLÁS (SECCIÓN NO DESGLOSADA),SÍ,SÍ,,NO,NO,NO,NO,SÍ,NO,NO,NO,,SÍ,NO,NO,NO,NO,SÍ,NO,NO,,SÍ,Poca (una o dos veces al mes),NO,NO,SÍ,NO,NO,NO,FINES DE SEMANA,SÍ,Poca (una o dos veces al mes),NO,NO,SÍ,NO,NO,NO,FINES DE SEMANA,NO,,,,,,,,,DE ACUERDO,DE ACUERDO,EN DESACUERDO,EN DESACUERDO,EN DESACUERDO,EN DESACUERDO,EN DESACUERDO,EN DESACUERDO
130DIG,61,HOMBRE,TRABAJO REUMUNERADO,CONSULTOR DE INFORMÁTICA ,TLALPAN,LOMAS DE PADIERNA,LOMAS DE PADIERNA,SÍ,SÍ,,NO,NO,NO,SÍ,SÍ,NO,NO,NO,,SÍ,SÍ,SÍ,NO,NO,NO,NO,NO,,SÍ,Nunca (cero veces),NO,NO,NO,NO,NO,NO,,SÍ,Regular (una o dos veces por semana),NO,SÍ,NO,NO,NO,NO,ENTRE SEMANA,NO,,,,,,,,,DE ACUERDO,DE ACUERDO,NEUTRAL,NEUTRAL,DE ACUERDO,NEUTRAL,DE ACUERDO,DE ACUERDO
131DIG,67,MUJER,TRABAJO REUMUNERADO,VARIAS ACTIVIDADES,TLALPAN,2 DE OCTUBRE,2 DE OCTUBRE,SÍ,SÍ,,NO,NO,NO,SÍ,SÍ,SÍ,NO,NO,,NO,NO,SÍ,NO,NO,NO,NO,NO,,SÍ,Regular (una o dos veces por semana),NO,SÍ,NO,SÍ,NO,NO,INDISTINTO,NO,,,,,,,,,NO,,,,,,,,,NEUTRAL,DE ACUERDO,NEUTRAL,NEUTRAL,NEUTRAL,NEUTRAL,NEUTRAL,NEUTRAL
132DIG,61,HOMBRE,JUBILADO,PENSIONADO,TLALPAN,LOMAS DE PADIERNA,LOMAS DE PADIERNA,SÍ,SÍ,,NO,NO,NO,NO,SÍ,NO,NO,NO,,SÍ,NO,NO,NO,NO,NO,NO,NO,,SÍ,Regular (una o dos veces por semana),NO,SÍ,NO,NO,NO,NO,FINES DE SEMANA,SÍ,Regular (una o dos veces por semana),NO,SÍ,NO,NO,NO,NO,FINES DE SEMANA,NO,,,,,,,,,NEUTRAL,DE ACUERDO,NEUTRAL,DE ACUERDO,DE ACUERDO,NEUTRAL,NEUTRAL,NEUTRAL
133DIG,64,HOMBRE,TRABAJO REUMUNERADO,APOYO ESCOLAR ,TLALPAN,SECCIONES DE PEDREGAL DE SAN NICOLÁS,PEDREGAL DE SAN NICOLÁS (SECCIÓN NO DESGLOSADA),SÍ,SÍ,,NO,NO,NO,SÍ,SÍ,NO,NO,NO,,NO,NO,NO,SÍ,NO,NO,NO,NO,,SÍ,Alta (más de dos veces por semana),NO,SÍ,NO,NO,NO,NO,ENTRE SEMANA,SÍ,Muy poca (una o dos veces en los últimos seis meses),NO,SÍ,NO,NO,NO,NO,ENTRE SEMANA,NO,,,,,,,,,EN DESACUERDO,EN DESACUERDO,EN DESACUERDO,EN DESACUERDO,NEUTRAL,EN DESACUERDO,EN DESACUERDO,EN DESACUERDO
134DIG,34,MUJER,TRABAJO REUMUNERADO,VETERINARIA ,TLALPAN,OTRA,PARAJE 38,SÍ,SÍ,,NO,NO,NO,SÍ,NO,SÍ,SÍ,NO,,NO,NO,NO,NO,SÍ,NO,NO,NO,,SÍ,Poca (una o dos veces al mes),NO,NO,SÍ,NO,NO,NO,FINES DE SEMANA,SÍ,Muy poca (una o dos veces en los últimos seis meses),NO,NO,SÍ,NO,NO,NO,FINES DE SEMANA,NO,,,,,,,,,NEUTRAL,NEUTRAL,EN DESACUERDO,EN DESACUERDO,EN DESACUERDO,EN DESACUERDO,EN DESACUERDO,NEUTRAL
135DIG,63,MUJER,HOGAR,AMA DE CASA,TLALPAN,SECCIONES DE PEDREGAL DE SAN NICOLÁS,PEDREGAL DE SAN NICOLÁS III SECCIÓN,SÍ,SÍ,,SÍ,SÍ,NO,SÍ,SÍ,SÍ,SÍ,SÍ,PARA CONVIVIR CON LOS VECINOS,SÍ,SÍ,SÍ,NO,NO,SÍ,NO,NO,,SÍ,Diariamente,SÍ,SÍ,SÍ,SÍ,SÍ,SÍ,INDISTINTO,SÍ,Regular (una o dos veces por semana),NO,NO,NO,NO,SÍ,NO,INDISTINTO,NO,,,,,,,,,MUY EN DESACUERDO,MUY EN DESACUERDO,MUY EN DESACUERDO,MUY EN DESACUERDO,MUY EN DESACUERDO,MUY EN DESACUERDO,MUY EN DESACUERDO,MUY EN DESACUERDO
136DIG,46,MUJER,TRABAJO REUMUNERADO,PROFESORA,TLALPAN,SECCIONES DE PEDREGAL DE SAN NICOLÁS,PEDREGAL DE SAN NICOLÁS IV SECCIÓN,SÍ,SÍ,,NO,NO,NO,SÍ,NO,NO,NO,NO,,NO,NO,NO,NO,SÍ,NO,NO,SÍ,VECINAS,SÍ,Diariamente,NO,NO,SÍ,NO,NO,NO,INDISTINTO,SÍ,Muy poca (una o dos veces en los últimos seis meses),NO,SÍ,NO,NO,NO,NO,,NO,,,,,,,,,NEUTRAL,DE ACUERDO,NEUTRAL,NEUTRAL,NEUTRAL,NEUTRAL,NEUTRAL,NEUTRAL
137DIG,66,MUJER,OTRO,"PRESIDENTA DE MADEC AC, SIN FINES DE LUCRO ",TLALPAN,MIRADOR II,MIRADOR II,SÍ,SÍ,,NO,NO,NO,SÍ,SÍ,NO,NO,NO,,NO,SÍ,SÍ,SÍ,NO,NO,NO,SÍ,VECINAS,SÍ,Alta (más de dos veces por semana),NO,SÍ,NO,SÍ,NO,NO,ENTRE SEMANA,SÍ,Regular (una o dos veces por semana),NO,SÍ,NO,SÍ,NO,NO,ENTRE SEMANA,NO,,,,,,,,,DE ACUERDO,EN DESACUERDO,EN DESACUERDO,EN DESACUERDO,DE ACUERDO,NEUTRAL,NEUTRAL,NEUTRAL
138DIG,56,MUJER,HOGAR,HOGAR,TLALPAN,SECCIONES DE PEDREGAL DE SAN NICOLÁS,PEDREGAL DE SAN NICOLÁS III SECCIÓN,SÍ,NO,No tengo bici,,,,,,,,,,,,,,,,,,,,,,,,,,,,,,,,,,,,,,,,,,,,,,DE ACUERDO,DE ACUERDO,NEUTRAL,NEUTRAL,NEUTRAL,NEUTRAL,DE ACUERDO,NEUTRAL
139DIG,59,HOMBRE,TRABAJO REUMUNERADO,EMPLEADO ,TLALPAN,SECCIONES DE PEDREGAL DE SAN NICOLÁS,PEDREGAL DE SAN NICOLÁS (SECCIÓN NO DESGLOSADA),SÍ,SÍ,,SÍ,NO,NO,SÍ,NO,SÍ,SÍ,NO,,NO,SÍ,NO,SÍ,SÍ,NO,NO,NO,,SÍ,Diariamente,NO,NO,NO,SÍ,NO,SÍ,INDISTINTO,SÍ,Muy poca (una o dos veces en los últimos seis meses),NO,SÍ,NO,NO,NO,NO,INDISTINTO,NO,,,,,,,,,EN DESACUERDO,MUY EN DESACUERDO,MUY EN DESACUERDO,DE ACUERDO,DE ACUERDO,EN DESACUERDO,EN DESACUERDO,EN DESACUERDO
140DIG,37,MUJER,TRABAJO REUMUNERADO,INDEPENDIENTE ,TLALPAN,SECCIONES DE PEDREGAL DE SAN NICOLÁS,PEDREGAL DE SAN NICOLÁS III SECCIÓN,SÍ,SÍ,,SÍ,SÍ,NO,SÍ,NO,SÍ,NO,NO,,SÍ,SÍ,SÍ,SÍ,SÍ,NO,SÍ,NO,,SÍ,Diariamente,NO,SÍ,SÍ,SÍ,SÍ,SÍ,INDISTINTO,SÍ,Muy poca (una o dos veces en los últimos seis meses),NO,SÍ,SÍ,SÍ,SÍ,NO,INDISTINTO,NO,,,,,,,,,MUY DE ACUERDO,EN DESACUERDO,EN DESACUERDO,EN DESACUERDO,EN DESACUERDO,EN DESACUERDO,EN DESACUERDO,DE ACUERDO
141DIG,56,MUJER,TRABAJO REUMUNERADO,TÉCNICO PROFESIONAL EN COMPUTACIÓN ,TLALPAN,SECCIONES DE PEDREGAL DE SAN NICOLÁS,PEDREGAL DE SAN NICOLÁS III SECCIÓN,SÍ,SÍ,,NO,SÍ,NO,NO,NO,SÍ,SÍ,NO,,SÍ,NO,SÍ,NO,NO,SÍ,NO,NO,,SÍ,Alta (más de dos veces por semana),NO,SÍ,SÍ,SÍ,SÍ,NO,INDISTINTO,NO,,,,,,,,,NO,,,,,,,,,MUY DE ACUERDO,DE ACUERDO,EN DESACUERDO,NEUTRAL,DE ACUERDO,MUY DE ACUERDO,NEUTRAL,DE ACUERDO
142DIG,62,HOMBRE,TRABAJO REUMUNERADO,TRABAJO EN LA UNAM,TLALPAN,LOMAS DE PADIERNA,LOMAS DE PADIERNA,SÍ,SÍ,,NO,NO,NO,SÍ,SÍ,NO,SÍ,NO,,NO,SÍ,NO,SÍ,SÍ,SÍ,NO,NO,,SÍ,Diariamente,NO,NO,SÍ,SÍ,NO,SÍ,FINES DE SEMANA,SÍ,Alta (más de dos veces por semana),SÍ,NO,NO,SÍ,SÍ,NO,FINES DE SEMANA,SÍ,Regular (una o dos veces por semana),NO,NO,NO,SÍ,NO,SÍ,FINES DE SEMANA,DE ACUERDO,DE ACUERDO,DE ACUERDO,DE ACUERDO,DE ACUERDO,DE ACUERDO,DE ACUERDO,DE ACUERDO
143DIG,50,HOMBRE,TRABAJO REUMUNERADO,COMERCIANTE ,TLALPAN,SECCIONES DE PEDREGAL DE SAN NICOLÁS,PEDREGAL DE SAN NICOLÁS (SECCIÓN NO DESGLOSADA),SÍ,SÍ,,NO,NO,NO,SÍ,NO,NO,NO,NO,,NO,NO,SÍ,NO,NO,SÍ,NO,NO,,SÍ,Muy poca (una o dos veces en los últimos seis meses),NO,SÍ,NO,NO,NO,NO,FINES DE SEMANA,SÍ,Muy poca (una o dos veces en los últimos seis meses),NO,SÍ,NO,NO,NO,NO,FINES DE SEMANA,NO,,,,,,,,,MUY DE ACUERDO,DE ACUERDO,EN DESACUERDO,MUY DE ACUERDO,MUY DE ACUERDO,MUY DE ACUERDO,MUY EN DESACUERDO,MUY EN DESACUERDO
144DIG,48,MUJER,TRABAJO REUMUNERADO,OBRERO,TLALPAN,SECCIONES DE PEDREGAL DE SAN NICOLÁS,PEDREGAL DE SAN NICOLÁS IV SECCIÓN,SÍ,SÍ,,SÍ,NO,SÍ,SÍ,SÍ,SÍ,SÍ,NO,,SÍ,SÍ,SÍ,SÍ,SÍ,SÍ,SÍ,NO,,SÍ,Diariamente,NO,SÍ,SÍ,SÍ,SÍ,NO,INDISTINTO,SÍ,Diario,NO,SÍ,SÍ,SÍ,SÍ,NO,INDISTINTO,NO,,,,,,,,,MUY EN DESACUERDO,MUY DE ACUERDO,MUY EN DESACUERDO,MUY EN DESACUERDO,MUY EN DESACUERDO,MUY EN DESACUERDO,MUY EN DESACUERDO,MUY EN DESACUERDO
145DIG,46,MUJER,TRABAJO REUMUNERADO,VENTAS,TLALPAN,SECCIONES DE PEDREGAL DE SAN NICOLÁS,PEDREGAL DE SAN NICOLÁS III SECCIÓN,SÍ,SÍ,,SÍ,SÍ,NO,NO,SÍ,NO,NO,NO,,SÍ,NO,NO,SÍ,NO,NO,NO,NO,,SÍ,Diariamente,NO,SÍ,SÍ,SÍ,NO,SÍ,ENTRE SEMANA,SÍ,Alta (más de dos veces por semana),NO,SÍ,NO,NO,NO,SÍ,ENTRE SEMANA,NO,,,,,,,,,DE ACUERDO,EN DESACUERDO,EN DESACUERDO,MUY EN DESACUERDO,NEUTRAL,EN DESACUERDO,EN DESACUERDO,MUY DE ACUERDO
146DIG,69,MUJER,TRABAJO REUMUNERADO,ÁREA MEDICA,TLALPAN,SECCIONES DE PEDREGAL DE SAN NICOLÁS,PEDREGAL DE SAN NICOLÁS (SECCIÓN NO DESGLOSADA),SÍ,SÍ,,NO,NO,NO,SÍ,NO,NO,SÍ,NO,,NO,SÍ,NO,NO,NO,NO,NO,NO,,SÍ,Muy poca (una o dos veces en los últimos seis meses),NO,NO,NO,SÍ,NO,NO,FINES DE SEMANA,SÍ,Poca (una o dos veces al mes),NO,SÍ,NO,NO,NO,NO,FINES DE SEMANA,SÍ,Muy poca (una o dos veces en los últimos seis meses),NO,SÍ,NO,NO,NO,NO,INDISTINTO,EN DESACUERDO,MUY EN DESACUERDO,EN DESACUERDO,NEUTRAL,MUY EN DESACUERDO,MUY EN DESACUERDO,MUY EN DESACUERDO,MUY EN DESACUERDO
147DIG,41,HOMBRE,TRABAJO REUMUNERADO,EMPLEADO,TLALPAN,SECCIONES DE PEDREGAL DE SAN NICOLÁS,PEDREGAL DE SAN NICOLÁS III SECCIÓN,SÍ,SÍ,,NO,NO,NO,NO,SÍ,NO,NO,NO,,NO,SÍ,NO,NO,NO,NO,NO,NO,,SÍ,Muy poca (una o dos veces en los últimos seis meses),NO,SÍ,NO,NO,NO,NO,FINES DE SEMANA,SÍ,Muy poca (una o dos veces en los últimos seis meses),NO,SÍ,NO,NO,NO,NO,FINES DE SEMANA,NO,,,,,,,,,DE ACUERDO,NEUTRAL,NEUTRAL,DE ACUERDO,NEUTRAL,NEUTRAL,NEUTRAL,NEUTRAL
148DIG,47,MUJER,HOGAR,AMA DE CASA,TLALPAN,SECCIONES DE PEDREGAL DE SAN NICOLÁS,PEDREGAL DE SAN NICOLÁS (SECCIÓN NO DESGLOSADA),SÍ,SÍ,,NO,NO,NO,NO,NO,NO,SÍ,NO,,NO,NO,NO,NO,SÍ,SÍ,NO,NO,,SÍ,Alta (más de dos veces por semana),NO,NO,NO,NO,SÍ,NO,ENTRE SEMANA,SÍ,Muy poca (una o dos veces en los últimos seis meses),NO,NO,NO,NO,SÍ,NO,ENTRE SEMANA,NO,,,,,,,,,DE ACUERDO,DE ACUERDO,NEUTRAL,DE ACUERDO,DE ACUERDO,NEUTRAL,NEUTRAL,NEUTRAL
149DIG,41,MUJER,TRABAJO REUMUNERADO,TRABAJO INDEPENDIENTE Y PASEO EN BICICLETA EN LA CICLOVÍA. ,TLALPAN,SECCIONES DE PEDREGAL DE SAN NICOLÁS,PEDREGAL DE SAN NICOLÁS (SECCIÓN NO DESGLOSADA),SÍ,SÍ,,NO,SÍ,NO,SÍ,SÍ,NO,NO,NO,,NO,SÍ,SÍ,SÍ,NO,NO,NO,NO,,SÍ,Alta (más de dos veces por semana),NO,SÍ,SÍ,SÍ,SÍ,NO,INDISTINTO,SÍ,Alta (más de dos veces por semana),NO,SÍ,SÍ,SÍ,SÍ,NO,INDISTINTO,NO,,,,,,,,,MUY DE ACUERDO,DE ACUERDO,MUY DE ACUERDO,NEUTRAL,DE ACUERDO,DE ACUERDO,DE ACUERDO,MUY EN DESACUERDO
150DIG,62,MUJER,TRABAJO REUMUNERADO,AUTOEMPLEADA,TLALPAN,LOMAS DE PADIERNA,LOMAS DE PADIERNA,SÍ,SÍ,,NO,NO,NO,SÍ,SÍ,SÍ,SÍ,NO,,SÍ,SÍ,NO,SÍ,SÍ,SÍ,NO,NO,,SÍ,Regular (una o dos veces por semana),NO,SÍ,NO,SÍ,NO,NO,INDISTINTO,NO,,,,,,,,,NO,,,,,,,,,EN DESACUERDO,DE ACUERDO,DE ACUERDO,DE ACUERDO,NEUTRAL,NEUTRAL,NEUTRAL,DE ACUERDO
151DIG,47,MUJER,HOGAR,AMA DE CASA,TLALPAN,SECCIONES DE PEDREGAL DE SAN NICOLÁS,PEDREGAL DE SAN NICOLÁS (SECCIÓN NO DESGLOSADA),SÍ,SÍ,,NO,SÍ,NO,NO,NO,SÍ,NO,NO,,NO,NO,NO,SÍ,SÍ,NO,NO,NO,,SÍ,Diariamente,NO,SÍ,NO,NO,SÍ,NO,INDISTINTO,SÍ,Muy poca (una o dos veces en los últimos seis meses),NO,NO,NO,SÍ,NO,NO,INDISTINTO,NO,,,,,,,,,MUY DE ACUERDO,EN DESACUERDO,EN DESACUERDO,EN DESACUERDO,EN DESACUERDO,MUY EN DESACUERDO,MUY EN DESACUERDO,MUY EN DESACUERDO
152DIG,69,HOMBRE,TRABAJO REUMUNERADO,COMERCIO INFORMAL,TLALPAN,LOMAS DE PADIERNA,LOMAS DE PADIERNA,SÍ,SÍ,,NO,NO,NO,SÍ,SÍ,NO,NO,NO,,NO,NO,SÍ,NO,NO,NO,NO,NO,,SÍ,Diariamente,NO,SÍ,NO,NO,NO,NO,INDISTINTO,SÍ,Regular (una o dos veces por semana),NO,SÍ,NO,NO,NO,NO,FINES DE SEMANA,NO,,,,,,,,,DE ACUERDO,MUY DE ACUERDO,MUY DE ACUERDO,MUY DE ACUERDO,MUY DE ACUERDO,MUY DE ACUERDO,MUY DE ACUERDO,MUY DE ACUERDO
153DIG,27,HOMBRE,TRABAJO REUMUNERADO,EMPLEADO,TLALPAN,LOMAS DE PADIERNA,LOMAS DE PADIERNA,SÍ,SÍ,,NO,NO,NO,SÍ,SÍ,NO,SÍ,NO,,SÍ,NO,SÍ,NO,SÍ,SÍ,SÍ,NO,,SÍ,Poca (una o dos veces al mes),NO,SÍ,SÍ,SÍ,NO,NO,FINES DE SEMANA,SÍ,Poca (una o dos veces al mes),NO,SÍ,SÍ,SÍ,NO,NO,FINES DE SEMANA,NO,,,,,,,,,EN DESACUERDO,MUY EN DESACUERDO,NEUTRAL,EN DESACUERDO,DE ACUERDO,EN DESACUERDO,EN DESACUERDO,EN DESACUERDO
154DIG,43,MUJER,TRABAJO REUMUNERADO,MAESTRA ,TLALPAN,MIRADOR I,MIRADOR I,SÍ,SÍ,,NO,NO,NO,SÍ,SÍ,SÍ,NO,NO,,SÍ,SÍ,SÍ,SÍ,NO,NO,NO,NO,,SÍ,Diariamente,SÍ,SÍ,NO,NO,SÍ,NO,INDISTINTO,SÍ,Poca (una o dos veces al mes),NO,SÍ,NO,SÍ,NO,NO,ENTRE SEMANA,NO,,,,,,,,,DE ACUERDO,NEUTRAL,NEUTRAL,DE ACUERDO,DE ACUERDO,NEUTRAL,DE ACUERDO,DE ACUERDO
155DIG,71,HOMBRE,JUBILADO,JUBILADO,TLALPAN,MIRADOR II,MIRADOR II,SÍ,SÍ,,SÍ,NO,NO,NO,NO,NO,NO,NO,,NO,NO,NO,SÍ,NO,NO,NO,NO,,SÍ,Alta (más de dos veces por semana),NO,NO,SÍ,NO,NO,NO,INDISTINTO,SÍ,Muy poca (una o dos veces en los últimos seis meses),NO,NO,SÍ,NO,NO,NO,FINES DE SEMANA,NO,,,,,,,,,MUY DE ACUERDO,DE ACUERDO,DE ACUERDO,EN DESACUERDO,DE ACUERDO,EN DESACUERDO,MUY EN DESACUERDO,MUY EN DESACUERDO
156DIG,40,HOMBRE,TRABAJO REUMUNERADO,AUTOEMPLEO,TLALPAN,LOMAS DE PADIERNA,LOMAS DE PADIERNA,SÍ,SÍ,,SÍ,NO,NO,SÍ,SÍ,NO,NO,NO,,NO,NO,SÍ,NO,NO,SÍ,NO,NO,,SÍ,Regular (una o dos veces por semana),NO,SÍ,NO,NO,SÍ,NO,INDISTINTO,SÍ,Regular (una o dos veces por semana),NO,SÍ,NO,NO,SÍ,NO,INDISTINTO,NO,,,,,,,,,DE ACUERDO,MUY EN DESACUERDO,EN DESACUERDO,EN DESACUERDO,DE ACUERDO,EN DESACUERDO,EN DESACUERDO,EN DESACUERDO
157DIG,42,MUJER,TRABAJO REUMUNERADO,ASISTENTE MEDICO,TLALPAN,SECCIONES DE PEDREGAL DE SAN NICOLÁS,PEDREGAL DE SAN NICOLÁS III SECCIÓN,SÍ,SÍ,,NO,NO,NO,NO,SÍ,NO,NO,NO,,NO,NO,NO,SÍ,NO,NO,NO,NO,,SÍ,Alta (más de dos veces por semana),NO,SÍ,NO,NO,NO,NO,FINES DE SEMANA,SÍ,Alta (más de dos veces por semana),NO,SÍ,NO,NO,NO,NO,FINES DE SEMANA,NO,,,,,,,,,NEUTRAL,MUY EN DESACUERDO,EN DESACUERDO,DE ACUERDO,DE ACUERDO,DE ACUERDO,EN DESACUERDO,NEUTRAL
158DIG,34,MUJER,TRABAJO REUMUNERADO,TRABAJO INDEPENDIENTE ,TLALPAN,SECCIONES DE PEDREGAL DE SAN NICOLÁS,PEDREGAL DE SAN NICOLÁS (SECCIÓN NO DESGLOSADA),SÍ,SÍ,,SÍ,SÍ,NO,SÍ,SÍ,SÍ,SÍ,NO,,SÍ,NO,SÍ,SÍ,SÍ,SÍ,NO,NO,,SÍ,Diariamente,SÍ,SÍ,SÍ,SÍ,SÍ,SÍ,INDISTINTO,SÍ,Diario,SÍ,SÍ,SÍ,SÍ,SÍ,SÍ,INDISTINTO,NO,,,,,,,,,MUY DE ACUERDO,EN DESACUERDO,NEUTRAL,NEUTRAL,DE ACUERDO,MUY EN DESACUERDO,MUY EN DESACUERDO,MUY EN DESACUERDO
159DIG,25,MUJER,ESTUDIANTE,ESTUDIANTE,TLALPAN,OTRA,JARDINES DE SAN JUAN,SÍ,SÍ,,SÍ,NO,SÍ,SÍ,SÍ,NO,NO,NO,,SÍ,NO,SÍ,NO,SÍ,NO,SÍ,NO,,SÍ,Alta (más de dos veces por semana),NO,NO,NO,SÍ,NO,NO,INDISTINTO,SÍ,Regular (una o dos veces por semana),NO,NO,NO,SÍ,NO,NO,FINES DE SEMANA,NO,,,,,,,,,DE ACUERDO,NEUTRAL,DE ACUERDO,NEUTRAL,MUY DE ACUERDO,MUY EN DESACUERDO,NEUTRAL,NEUTRAL
160DIG,76,HOMBRE,JUBILADO,JUBILADO ,TLALPAN,LOMAS DE PADIERNA,LOMAS DE PADIERNA,SÍ,SÍ,,NO,NO,NO,SÍ,NO,SÍ,NO,NO,,NO,NO,NO,SÍ,NO,NO,NO,NO,,SÍ,Muy poca (una o dos veces en los últimos seis meses),NO,SÍ,NO,SÍ,NO,NO,FINES DE SEMANA,NO,,,,,,,,,NO,,,,,,,,,DE ACUERDO,DE ACUERDO,NEUTRAL,DE ACUERDO,DE ACUERDO,DE ACUERDO,DE ACUERDO,DE ACUERDO
161DIG,33,MUJER,TRABAJO REUMUNERADO,ILUSTRADORA,TLALPAN,MIRADOR II,MIRADOR II,SÍ,SÍ,,NO,NO,NO,SÍ,SÍ,NO,NO,NO,,NO,NO,SÍ,SÍ,NO,NO,NO,NO,,SÍ,Poca (una o dos veces al mes),NO,SÍ,NO,SÍ,NO,NO,FINES DE SEMANA,SÍ,Poca (una o dos veces al mes),NO,SÍ,SÍ,SÍ,NO,NO,FINES DE SEMANA,NO,,,,,,,,,EN DESACUERDO,DE ACUERDO,NEUTRAL,DE ACUERDO,DE ACUERDO,EN DESACUERDO,EN DESACUERDO,EN DESACUERDO
162DIG,72,MUJER,HOGAR,AMA DE CASA,TLALPAN,HÉROES DE PADIERNA,HÉROES DE PADIERNA,SÍ,SÍ,,NO,NO,NO,NO,SÍ,NO,NO,NO,,SÍ,NO,NO,NO,NO,NO,NO,NO,,SÍ,Muy poca (una o dos veces en los últimos seis meses),NO,SÍ,NO,NO,NO,NO,,NO,,,,,,,,,NO,,,,,,,,,DE ACUERDO,DE ACUERDO,DE ACUERDO,MUY DE ACUERDO,MUY DE ACUERDO,MUY DE ACUERDO,DE ACUERDO,DE ACUERDO
163DIG,54,MUJER,TRABAJO REUMUNERADO,DOCENCIA,TLALPAN,SECCIONES DE PEDREGAL DE SAN NICOLÁS,PEDREGAL DE SAN NICOLÁS IV SECCIÓN,SÍ,SÍ,,NO,NO,NO,NO,NO,SÍ,SÍ,NO,,SÍ,NO,NO,NO,NO,SÍ,NO,NO,,SÍ,Diariamente,NO,NO,NO,SÍ,SÍ,NO,INDISTINTO,NO,,,,,,,,,NO,,,,,,,,,DE ACUERDO,NEUTRAL,NEUTRAL,NEUTRAL,DE ACUERDO,DE ACUERDO,NEUTRAL,NEUTRAL
164DIG,57,HOMBRE,TRABAJO REUMUNERADO,EN MANTENIMIENTO,TLALPAN,SECCIONES DE PEDREGAL DE SAN NICOLÁS,PEDREGAL DE SAN NICOLÁS III SECCIÓN,SÍ,SÍ,,NO,SÍ,NO,NO,NO,NO,NO,NO,,NO,NO,NO,NO,SÍ,NO,NO,NO,,SÍ,Diariamente,NO,SÍ,NO,NO,SÍ,NO,INDISTINTO,NO,,,,,,,,,NO,,,,,,,,,DE ACUERDO,EN DESACUERDO,MUY EN DESACUERDO,DE ACUERDO,EN DESACUERDO,MUY EN DESACUERDO,MUY EN DESACUERDO,MUY EN DESACUERDO
165DIG,45,HOMBRE,TRABAJO REUMUNERADO,INGENIERO,TLALPAN,SECCIONES DE PEDREGAL DE SAN NICOLÁS,PEDREGAL DE SAN NICOLÁS II SECCIÓN,SÍ,SÍ,,NO,NO,NO,SÍ,SÍ,NO,SÍ,NO,,NO,NO,NO,SÍ,SÍ,SÍ,NO,NO,,SÍ,Muy poca (una o dos veces en los últimos seis meses),NO,SÍ,NO,NO,NO,NO,FINES DE SEMANA,SÍ,Muy poca (una o dos veces en los últimos seis meses),NO,SÍ,NO,NO,NO,NO,FINES DE SEMANA,NO,,,,,,,,,EN DESACUERDO,DE ACUERDO,EN DESACUERDO,NEUTRAL,EN DESACUERDO,EN DESACUERDO,MUY EN DESACUERDO,MUY EN DESACUERDO
166DIG,52,HOMBRE,TRABAJO REUMUNERADO,PROFESIONISTA,TLALPAN,HÉROES DE PADIERNA,HÉROES DE PADIERNA,SÍ,SÍ,,NO,NO,NO,SÍ,SÍ,NO,NO,NO,,NO,NO,SÍ,NO,NO,NO,NO,NO,,SÍ,Muy poca (una o dos veces en los últimos seis meses),NO,SÍ,NO,SÍ,NO,NO,INDISTINTO,SÍ,Alta (más de dos veces por semana),NO,SÍ,NO,SÍ,NO,NO,INDISTINTO,NO,,,,,,,,,MUY EN DESACUERDO,MUY EN DESACUERDO,MUY EN DESACUERDO,MUY EN DESACUERDO,MUY DE ACUERDO,MUY EN DESACUERDO,MUY EN DESACUERDO,MUY EN DESACUERDO
167DIG,71,MUJER,TRABAJO REUMUNERADO,EMPLEADA,MAGDALENA CONTRERAS,OTRA,BARRANCA SECA,SÍ,SÍ,,SÍ,NO,NO,NO,NO,NO,NO,NO,,SÍ,NO,NO,NO,NO,NO,NO,NO,,SÍ,Diariamente,NO,SÍ,NO,SÍ,NO,SÍ,INDISTINTO,NO,,,,,,,,,NO,,,,,,,,,EN DESACUERDO,NEUTRAL,DE ACUERDO,EN DESACUERDO,DE ACUERDO,EN DESACUERDO,DE ACUERDO,EN DESACUERDO
168DIG,67,HOMBRE,TRABAJO REUMUNERADO,CONTADOR PÚBLICO ,TLALPAN,SECCIONES DE PEDREGAL DE SAN NICOLÁS,PEDREGAL DE SAN NICOLÁS IV SECCIÓN,SÍ,SÍ,,NO,NO,NO,NO,SÍ,NO,NO,NO,,SÍ,NO,NO,NO,NO,NO,NO,NO,,SÍ,Alta (más de dos veces por semana),NO,SÍ,NO,NO,NO,NO,ENTRE SEMANA,SÍ,Diario,NO,SÍ,NO,NO,NO,NO,INDISTINTO,NO,,,,,,,,,DE ACUERDO,DE ACUERDO,MUY DE ACUERDO,DE ACUERDO,MUY DE ACUERDO,DE ACUERDO,DE ACUERDO,MUY DE ACUERDO
169DIG,58,MUJER,TRABAJO REUMUNERADO,PROFESOR ,TLALPAN,SECCIONES DE PEDREGAL DE SAN NICOLÁS,PEDREGAL DE SAN NICOLÁS III SECCIÓN,SÍ,NO,"Porque siempre está invadida por obstáculos, desde puestos hasta basura",,,,,,,,,,,,,,,,,,,,,,,,,,,,,,,,,,,,,,,,,,,,,,EN DESACUERDO,MUY EN DESACUERDO,EN DESACUERDO,MUY EN DESACUERDO,NEUTRAL,NEUTRAL,EN DESACUERDO,MUY EN DESACUERDO
170DIG,65,MUJER,JUBILADO,PENSIONADO,TLALPAN,LOMAS DE PADIERNA,LOMAS DE PADIERNA,SÍ,NO,No vivo cerca de la ciclovía ,,,,,,,,,,,,,,,,,,,,,,,,,,,,,,,,,,,,,,,,,,,,,,NEUTRAL,NEUTRAL,NEUTRAL,NEUTRAL,NEUTRAL,NEUTRAL,NEUTRAL,NEUTRAL
171DIG,69,MUJER,TRABAJO REUMUNERADO,EMPLEADA ,TLALPAN,OTRA,CULTURA MAYA,SÍ,SÍ,,NO,NO,NO,SÍ,SÍ,NO,NO,NO,,NO,NO,SÍ,NO,NO,NO,NO,NO,,SÍ,Poca (una o dos veces al mes),NO,SÍ,NO,NO,NO,NO,FINES DE SEMANA,NO,,,,,,,,,NO,,,,,,,,,DE ACUERDO,DE ACUERDO,NEUTRAL,NEUTRAL,NEUTRAL,NEUTRAL,NEUTRAL,DE ACUERDO
172DIG,54,HOMBRE,TRABAJO REUMUNERADO,CONSULTORÍA TECNICA,VENUSTIANO CARRANZA,OTRA,MOCTEZUMA 1A SECCIÓN,SÍ,SÍ,,NO,NO,NO,SÍ,SÍ,NO,NO,NO,,SÍ,NO,NO,SÍ,NO,NO,NO,NO,,SÍ,Muy poca (una o dos veces en los últimos seis meses),NO,SÍ,NO,NO,NO,NO,FINES DE SEMANA,SÍ,Muy poca (una o dos veces en los últimos seis meses),NO,SÍ,NO,NO,NO,NO,FINES DE SEMANA,NO,,,,,,,,,DE ACUERDO,NEUTRAL,NEUTRAL,NEUTRAL,DE ACUERDO,NEUTRAL,NEUTRAL,NEUTRAL
173DIG,76,HOMBRE,JUBILADO,PROFESOR JUBILADO ,TLALPAN,MIRADOR I,MIRADOR I,SÍ,SÍ,,NO,NO,SÍ,SÍ,SÍ,SÍ,SÍ,SÍ,RELAJARSE EN ESPACIOS VERDES,SÍ,SÍ,SÍ,SÍ,SÍ,SÍ,NO,NO,,SÍ,Alta (más de dos veces por semana),NO,NO,NO,SÍ,NO,NO,INDISTINTO,SÍ,Regular (una o dos veces por semana),NO,NO,NO,SÍ,NO,NO,INDISTINTO,NO,,,,,,,,,EN DESACUERDO,MUY EN DESACUERDO,MUY EN DESACUERDO,NEUTRAL,NEUTRAL,EN DESACUERDO,NEUTRAL,EN DESACUERDO
174DIG,36,HOMBRE,TRABAJO REUMUNERADO,TRABAJO SOCIAL,COYOACÁN,OTRA,PEDREGAL DE SANTO DOMINGO,SÍ,SÍ,,NO,NO,NO,SÍ,NO,NO,NO,NO,,NO,NO,SÍ,NO,NO,NO,NO,NO,,SÍ,Muy poca (una o dos veces en los últimos seis meses),NO,SÍ,NO,NO,NO,NO,FINES DE SEMANA,SÍ,Poca (una o dos veces al mes),NO,SÍ,NO,NO,NO,NO,FINES DE SEMANA,NO,,,,,,,,,MUY DE ACUERDO,NEUTRAL,DE ACUERDO,NEUTRAL,DE ACUERDO,NEUTRAL,NEUTRAL,DE ACUERDO
175DIG,55,MUJER,TRABAJO REUMUNERADO,FABRICACIÓN DE ARTESANÍAS.,TLALPAN,SECCIONES DE PEDREGAL DE SAN NICOLÁS,PEDREGAL DE SAN NICOLÁS IV SECCIÓN,SÍ,SÍ,,NO,NO,NO,SÍ,NO,NO,SÍ,NO,,NO,SÍ,NO,NO,NO,SÍ,NO,NO,,SÍ,Poca (una o dos veces al mes),NO,SÍ,NO,NO,NO,NO,ENTRE SEMANA,SÍ,Poca (una o dos veces al mes),NO,SÍ,NO,NO,NO,NO,ENTRE SEMANA,SÍ,Poca (una o dos veces al mes),NO,SÍ,NO,NO,NO,NO,ENTRE SEMANA,DE ACUERDO,EN DESACUERDO,EN DESACUERDO,EN DESACUERDO,MUY EN DESACUERDO,EN DESACUERDO,EN DESACUERDO,NEUTRAL
176DIG,26,HOMBRE,TRABAJO REUMUNERADO,EMPLEADO ,TLALPAN,SECCIONES DE PEDREGAL DE SAN NICOLÁS,PEDREGAL DE SAN NICOLÁS IV SECCIÓN,SÍ,SÍ,,NO,NO,NO,SÍ,SÍ,NO,SÍ,NO,,SÍ,NO,SÍ,NO,NO,SÍ,NO,NO,,SÍ,Diariamente,SÍ,SÍ,SÍ,SÍ,SÍ,SÍ,ENTRE SEMANA,SÍ,Diario,SÍ,SÍ,SÍ,SÍ,SÍ,SÍ,ENTRE SEMANA,NO,,,,,,,,,MUY DE ACUERDO,EN DESACUERDO,DE ACUERDO,EN DESACUERDO,MUY DE ACUERDO,MUY DE ACUERDO,MUY DE ACUERDO,DE ACUERDO
